ID,Fish_abund,Coral_cover,Long_Term_Kd_Variability,value
gbr_1,418.481811523438,37.59375,0.0740000009536743,0.0
gbr_10,415.693147275166,37.59375,1.0882500931620611,0.75
gbr_100,608.793975830078,35.0815100815101,0.020000002346932902,0.0
gbr_101,579.9012756347657,35.0815100815101,0.019499999471008774,0.0
gbr_102,277.4349060058595,30.5232067510549,1.4550000429153451,1.0
gbr_103,597.2958984375,35.0815100815101,0.0270000007003546,0.0
gbr_104,387.61813659134805,30.5232067510549,1.3555000424385049,1.0
gbr_105,642.621398925781,35.0815100815101,0.0190000049769878,0.0
gbr_106,550.566223144531,35.0815100815101,0.0200000032782555,0.0
gbr_107,575.0546875,35.0815100815101,0.724000051617622,0.0
gbr_108,551.7695922851564,35.0815100815101,0.13066667318344116,19.0
gbr_109,672.837280273438,35.0815100815101,0.0789999961853027,0.0
gbr_11,697.6474304199215,37.59375,0.0260000005364418,0.0
gbr_110,256.42300415039097,30.5232067510549,1.37900003790855,1.5
gbr_111,717.7749519348145,35.0815100815101,0.052812502952292575,0.0
gbr_112,247.224594116211,30.5232067510549,1.54700009524822,2.0
gbr_113,529.360260009766,35.0815100815101,0.04250000230968,0.0
gbr_114,533.811096191406,35.0815100815101,0.589500047266483,28.0
gbr_115,546.1309204101562,36.4411764705882,0.02700000163167715,0.0
gbr_116,288.37686157226534,30.5232067510549,0.9063333819309857,1.0
gbr_117,227.815505981445,30.5232067510549,1.47550010681152,1.0
gbr_118,256.2979990641277,30.5232067510549,0.6303333540757498,0.6666666666666666
gbr_119,524.9719848632815,35.0815100815101,0.0378000020980835,0.0
gbr_12,681.854202270508,37.59375,0.026250001043081277,0.0
gbr_120,546.4219360351565,36.4411764705882,0.02500000037252905,0.0
gbr_121,523.6648071289062,35.0815100815101,0.11640001162886612,5.6
gbr_122,652.445129394531,35.0815100815101,0.0379999950528145,0.0
gbr_123,665.4783630371095,35.0815100815101,0.030999999493360547,0.0
gbr_124,290.752395629883,30.5232067510549,0.0359999984502792,0.0
gbr_125,292.84980773925804,30.5232067510549,0.039500005543232,0.0
gbr_126,585.9965209960938,35.0815100815101,0.045700001344084716,0.0
gbr_127,298.447204589844,30.5232067510549,0.0359999984502792,0.0
gbr_128,197.725997924805,30.5232067510549,0.0469999983906746,0.0
gbr_129,575.7260516391901,39.131730675985445,0.2943391732194207,0.24475524475524477
gbr_130,520.964416503906,35.0815100815101,0.01425000093877315,0.0
gbr_131,493.52737935384124,36.101259873318675,0.07181250272939599,2.375
gbr_132,508.107604980469,35.0815100815101,0.0140000022947788,0.0
gbr_133,262.75729522438473,30.5232067510549,0.6412500552833077,9.0
gbr_134,526.930603027344,30.5232067510549,0.0229999981820583,0.0
gbr_135,463.137252807617,30.5232067510549,0.0215000007301569,0.0
gbr_136,455.639709472656,30.5232067510549,0.0219999998807907,0.0
gbr_137,522.251770019531,30.5232067510549,0.0260000005364418,0.0
gbr_138,190.029998779297,30.5232067510549,0.0459999963641167,0.0
gbr_139,294.740905761719,30.5232067510549,0.028999999165535,0.0
gbr_14,427.063293457031,37.59375,0.0460000038146973,0.0
gbr_140,503.633392333984,36.4411764705882,0.0930000096559525,20.0
gbr_141,467.94654846191395,30.5232067510549,0.0235000029206276,0.0
gbr_142,427.433807373047,30.5232067510549,0.02800000086426735,0.0
gbr_143,152.699905395508,30.5232067510549,1.43150019645691,0.0
gbr_144,336.01453704300803,30.5232067510549,1.5582500994205501,0.5
gbr_145,388.98381042480446,30.5232067510549,0.026000000536441803,0.0
gbr_146,212.020004272461,30.5232067510549,0.0359999984502792,0.0
gbr_147,146.264999389648,30.5232067510549,0.664000019431114,0.0
gbr_148,212.020004272461,30.5232067510549,0.0359999984502792,0.0
gbr_149,456.5621582031248,36.4411764705882,0.03820000141859054,0.0
gbr_15,361.113708496094,37.59375,0.118000015616417,3.0
gbr_150,142.536804199219,30.5232067510549,0.120000004768372,0.0
gbr_151,232.1144195556638,30.523206751054897,0.03480000048875808,0.0
gbr_152,513.3496268136162,30.523206751054904,0.1261428599911076,0.14285714285714285
gbr_153,509.8500747680665,35.0815100815101,0.014000001363456225,0.0
gbr_154,218.337600708008,30.5232067510549,0.444000005722046,0.0
gbr_155,271.673889160156,30.5232067510549,0.101999998092651,2.0
gbr_156,218.337600708008,30.5232067510549,0.444000005722046,0.0
gbr_157,235.859848022461,30.5232067510549,0.07549999654293041,0.0
gbr_158,498.354268391927,36.4411764705882,0.0196666680276394,0.6666666666666666
gbr_159,331.5812287764116,30.5232067510549,0.9247727617621423,1.5
gbr_160,502.0964508056645,35.0815100815101,0.0130000002682209,0.0
gbr_161,504.541152954102,35.0815100815101,0.0134999994188547,0.5
gbr_162,600.296081542969,35.0815100815101,0.029999999950329467,0.0
gbr_163,509.09701815518457,36.4411764705882,0.1981363679197699,0.0
gbr_164,218.337600708008,30.5232067510549,0.444000005722046,0.0
gbr_165,518.404006958008,35.0815100815101,0.0140000022947788,0.0
gbr_166,499.8174438476565,35.0815100815101,0.0134999994188547,0.5
gbr_167,493.78023681640644,36.16924319277258,0.01780000030994418,0.2
gbr_168,487.531005859375,36.4411764705882,0.017500001937150948,0.0
gbr_169,514.0292282104492,35.0815100815101,0.0140000022947788,0.0
gbr_17,519.329168690508,37.59375,0.105000004172325,0.0
gbr_170,600.1866055575284,35.0815100815101,0.05537273003296419,2.1818181818181817
gbr_171,559.3490619511567,35.28177102253711,0.06636046857912409,1.4108527131782946
gbr_172,299.9302268981934,30.523206751054897,0.04855000376701353,0.15
gbr_173,379.7304430668897,32.456800817833106,0.3454802132183962,0.6336633663366337
gbr_174,257.324625068231,30.523206751054904,0.6074285890374859,0.5714285714285714
gbr_175,217.629501342773,30.5232067510549,0.0499999970197678,0.0
gbr_176,276.086486816406,30.5232067510549,0.0459999963641167,0.0
gbr_177,350.363586425781,30.5232067510549,0.0430000051856041,0.0
gbr_178,215.76274871826175,30.5232067510549,0.046749997884035124,0.0
gbr_179,358.53469848632795,30.5232067510549,0.044666667779286705,0.0
gbr_18,365.76708984375,37.59375,0.0780000016093254,1.0
gbr_180,290.8208999633788,30.5232067510549,0.044750005006790175,0.0
gbr_181,352.505798339844,30.5232067510549,0.0450000017881393,0.0
gbr_182,224.247299194336,30.5232067510549,0.0429999977350235,0.0
gbr_183,193.608993530273,30.5232067510549,1.7700001001358,1.0
gbr_184,245.79839579264333,30.5232067510549,0.04566666732231773,0.0
gbr_185,259.52009963989246,30.5232067510549,0.0447499994188547,0.0
gbr_186,281.510559082031,30.5232067510549,0.043000005185604095,0.0
gbr_187,358.667388916016,30.5232067510549,0.0420000031590462,0.0
gbr_188,184.77364730834975,30.5232067510549,0.598750028759242,0.75
gbr_189,159.3725769042968,32.4429783223374,0.0344999983906746,0.0
gbr_19,627.452453613281,37.59375,0.0264999996870756,0.0
gbr_190,452.97403717041027,32.4429783223374,0.02600000146776435,0.0
gbr_191,519.329168690508,27.9748743718593,0.04099999740719795,0.0
gbr_192,105.20185089111351,27.9748743718593,0.0465000048279762,0.0
gbr_193,104.313201904297,27.9748743718593,0.0450000017881393,0.0
gbr_194,177.572601318359,32.4429783223374,0.03599999845027925,0.0
gbr_195,308.2564575141993,27.9748743718593,0.0390000008046627,0.0
gbr_196,237.91107889455733,27.9748743718593,0.04300000270207723,0.0
gbr_197,157.8897476196285,32.4429783223374,0.0364999994635582,0.0
gbr_198,155.09543762207,32.4429783223374,0.03949999809265138,0.0
gbr_199,469.9619903564452,36.4411764705882,0.1540277809318568,0.05555555555555555
gbr_2,418.481811523438,37.59375,0.0740000009536743,0.0
gbr_20,631.8670959472655,37.59375,0.036999998614192,0.0
gbr_200,543.3849594007831,35.64676464775605,0.07538427292379773,0.9910112359550561
gbr_201,190.76699829101574,30.5232067510549,0.0365000031888485,0.0
gbr_202,132.5553970336915,30.5232067510549,1.0090000331401805,0.0
gbr_203,322.2120056152345,30.5232067510549,0.02549999952316285,0.0
gbr_204,322.2120056152345,30.5232067510549,0.02549999952316285,0.0
gbr_205,195.2624969482425,30.5232067510549,0.038500003516674056,0.0
gbr_206,710.316467285156,35.0815100815101,0.019000003114342648,0.0
gbr_207,381.73468119125647,36.4411764705882,0.11016667882601432,0.16666666666666666
gbr_208,389.2062049839063,36.4411764705882,0.5618750210851428,0.5
gbr_209,664.467590332031,35.0815100815101,0.0199999995529652,0.0
gbr_21,617.3542588177849,45.2647223780146,0.0861176528474864,0.058823529411764705
gbr_210,696.596649169922,35.0815100815101,0.0195000022649765,0.0
gbr_211,649.3126729329429,35.0815100815101,0.018833333626389483,0.0
gbr_212,687.510986328125,35.0815100815101,0.0195000022649765,0.0
gbr_213,698.3010406494141,35.0815100815101,0.030000002123415474,0.0
gbr_214,676.2732696533205,35.0815100815101,0.029000000096857523,0.0
gbr_215,519.329168690508,30.5232067510549,1.29800009727478,1.0
gbr_216,691.770385742188,35.0815100815101,0.0600000023841858,0.0
gbr_217,653.747863769531,35.0815100815101,0.0194999985396862,0.0
gbr_218,136.908493041992,32.4429783223374,0.0460000038146973,0.0
gbr_219,155.6646668646019,32.09927801845447,0.28434616613846564,2.769230769230769
gbr_22,573.8261311848958,45.2647223780146,0.03508333644519252,0.0
gbr_220,215.506541821675,30.208926347098352,0.11600000783801082,8.25
gbr_221,151.363204956055,32.4429783223374,0.0449999943375587,0.0
gbr_222,114.4519500732425,32.4429783223374,0.0850000083446503,32.0
gbr_223,461.4564970587704,26.717054263565903,0.024956522428471108,0.0
gbr_224,113.686401367188,32.4429783223374,0.0850000083446503,32.0
gbr_225,439.4299723307293,32.4429783223374,0.09866667538881291,0.0
gbr_226,213.91006812782726,30.208926347098352,0.0780000090599061,16.0
gbr_227,429.8674723307293,26.7170542635659,0.058333339790503334,0.0
gbr_228,314.113709635171,27.9748743718593,0.1376250162720682,0.0
gbr_229,115.291748046875,30.208926347098352,0.0550000071525574,0.0
gbr_23,492.0211486816405,37.59375,0.27300001680851,0.0
gbr_230,172.4344024658205,32.4429783223374,0.01649999991059305,0.0
gbr_231,185.151835123698,32.4429783223374,0.032666665812333434,0.0
gbr_232,381.4586451141474,27.9748743718593,0.37833330531915044,0.3333333333333333
gbr_233,161.79773577521829,32.4429783223374,0.03638235479593277,0.23529411764705882
gbr_234,114.71033223470067,29.464242355352003,0.05400000512599947,0.0
gbr_235,178.56794738769548,32.4429783223374,0.0360000021755695,0.0
gbr_236,108.743301391602,27.9748743718593,0.051999993622303,0.0
gbr_237,186.42576599121102,32.4429783223374,0.034666667381922416,0.0
gbr_238,207.096000671387,32.4429783223374,0.0315000005066395,0.0
gbr_239,519.329168690508,27.9748743718593,0.03899999707937245,0.0
gbr_24,495.77974700927723,37.59375,0.32425002194941055,0.25
gbr_240,143.22523498535134,32.4429783223374,0.03516666839520136,0.0
gbr_241,310.60101050797374,27.9748743718593,0.039000000804662725,0.0
gbr_242,96.44480133056646,27.9748743718593,0.9155000597238541,1.0
gbr_243,112.418998718262,27.9748743718593,0.0490000024437904,0.0
gbr_244,519.329168690508,22.4828897338403,1.33400011062622,1.0
gbr_245,519.329168690508,27.9748743718593,1.02999997138977,1.0
gbr_246,471.7498474121095,27.9748743718593,0.024499999359250048,0.0
gbr_247,288.760711669922,27.9748743718593,0.0180000029504299,0.0
gbr_248,371.88616561889637,27.9748743718593,0.0680000050924719,4.0
gbr_249,477.5838912572616,32.36956903953264,0.1080256460282283,0.8205128205128205
gbr_25,731.5396864149305,45.2647223780146,0.12822223164969018,0.0
gbr_250,523.239196777344,27.9748743718593,0.0290000028908253,0.0
gbr_251,519.329168690508,27.9748743718593,1.30750000476837,1.0
gbr_253,519.329168690508,27.9748743718593,1.0736666818459817,1.0
gbr_254,550.110412597656,27.9748743718593,0.0210000015795231,0.0
gbr_255,519.329168690508,22.4828897338403,1.03500001132488,1.0
gbr_256,519.329168690508,22.4828897338403,1.03500001132488,1.0
gbr_257,172.633895874023,27.9748743718593,0.0210000015795231,0.0
gbr_258,412.40612792968756,27.9748743718593,0.06266667031579552,0.0
gbr_259,631.5662994384768,32.4429783223374,0.019500001333653923,0.0
gbr_26,694.6128845214844,37.59375,0.05616666624943417,0.0
gbr_261,519.329168690508,22.4828897338403,0.739333365112543,0.8333333333333334
gbr_262,123.513702392578,22.4828897338403,0.644000008702278,1.0
gbr_263,132.1043014526365,22.4828897338403,0.400499999523163,0.5
gbr_264,453.35992430751963,22.4828897338403,1.1212500731150312,1.0
gbr_265,325.397003173828,27.9748743718593,0.0159999988973141,0.0
gbr_266,140.694900512695,22.4828897338403,0.156999990344048,0.0
gbr_268,140.694900512695,22.4828897338403,0.156999990344048,0.0
gbr_269,108.755897521973,27.9748743718593,0.0480000078678131,0.0
gbr_27,515.654602050781,37.59375,0.0820000059902668,0.0
gbr_270,94.2401428222656,27.9748743718593,0.0560000091791153,0.0
gbr_271,113.47380065918,27.9748743718593,0.0429999977350235,0.0
gbr_272,111.201103210449,27.9748743718593,0.0329999998211861,0.0
gbr_273,172.51317825139643,27.9748743718593,0.03966666633884112,0.0
gbr_274,519.329168690508,26.7170542635659,0.0140000022947788,0.0
gbr_275,486.672790527344,26.7170542635659,0.0459999963641167,0.0
gbr_276,508.2098876899805,26.7170542635659,0.023000001907348647,0.0
gbr_277,511.9163146901563,26.7170542635659,0.0213333343466123,0.0
gbr_278,199.85678443642092,27.9748743718593,0.24256250262260443,0.25
gbr_279,519.329168690508,26.7170542635659,0.017000000923872,0.0
gbr_28,732.6993408203125,37.59375,0.0280000045895576,0.0
gbr_280,519.329168690508,26.7170542635659,0.017000000923872,0.0
gbr_281,368.645446777344,32.4429783223374,0.07650000602006896,0.0
gbr_282,160.610595703125,27.9748743718593,0.0270000025629997,0.0
gbr_285,519.329168690508,27.9748743718593,0.0490000024437904,0.0
gbr_286,408.2217381795247,32.4429783223374,0.2574166854222618,0.0
gbr_287,235.99813028615893,27.9748743718593,0.048750000695387506,0.0
gbr_288,452.1180575475271,27.671374940027818,0.1523368127592322,1.7152777777777777
gbr_289,181.132797241211,27.9748743718593,0.0280000008642673,0.0
gbr_29,739.1867472330729,45.2647223780146,0.025000000372529016,0.0
gbr_290,437.485076904297,32.4429783223374,0.13042858136551727,0.0
gbr_291,377.3040786672072,27.9748743718593,0.0789999986688296,11.333333333333334
gbr_292,467.49918844964293,26.7170542635659,0.059357143805495345,1.0714285714285714
gbr_293,107.3673324584963,27.9748743718593,0.046333335340023034,0.0
gbr_294,530.08701578776,32.4429783223374,0.10633334020773556,9.333333333333334
gbr_295,469.77681350708,32.4429783223374,0.04925000341609125,0.0
gbr_296,502.48915012676065,29.58001629295165,0.1033571484897821,2.2142857142857144
gbr_297,229.095092773438,27.9748743718593,0.017000000923872,0.0
gbr_298,184.6303482055665,29.9495142974415,0.2085000053048135,0.0
gbr_299,611.4307454427084,29.9495142974415,0.022666667898495963,0.0
gbr_3,457.122360229492,37.59375,0.06300000473856926,0.0
gbr_30,489.44567871093767,37.59375,0.917000080148379,1.0
gbr_300,166.560699462891,29.9495142974415,0.272000014781952,0.0
gbr_301,753.2023315429688,29.9495142974415,0.03200000245124101,0.0
gbr_302,184.07709757486964,29.9495142974415,0.161666676402092,0.0
gbr_303,640.200341796875,29.9495142974415,0.02686666833857694,0.0
gbr_304,203.61803436279288,29.9495142974415,0.12262500729411845,4.25
gbr_305,727.4940719604492,29.9495142974415,0.10800000187009576,0.0
gbr_306,140.694900512695,22.4828897338403,0.156999990344048,0.0
gbr_307,519.329168690508,22.4828897338403,0.895000085234642,1.0
gbr_308,140.694900512695,22.4828897338403,0.156999990344048,0.0
gbr_309,123.555801391602,22.4828897338403,0.560000032186508,1.0
gbr_31,477.40856933593767,37.59375,0.9090000689029694,1.0
gbr_310,226.77339324684576,22.4828897338403,0.5482500419020653,0.75
gbr_311,519.329168690508,22.4828897338403,1.44900000095367,1.0
gbr_313,145.9107971191405,29.9495142974415,0.06300000101327895,17.0
gbr_314,622.582000732422,29.2272143774069,0.03600000031292435,0.0
gbr_315,198.725494384766,30.5232067510549,0.0380000025033951,0.0
gbr_316,132.463592529297,30.5232067510549,1.24950003623962,0.0
gbr_317,455.70472412109376,35.46876424988598,0.23310000821948065,0.1
gbr_319,128.44535446167,30.208926347098352,0.72150007635355,0.5
gbr_32,735.5300231933594,40.66213895120584,0.1586000129580495,0.0
gbr_320,252.0806045532225,32.4429783223374,0.03350000083446505,0.0
gbr_321,202.806298828125,31.291115379567902,0.03660000413656238,0.0
gbr_322,204.8838958740235,31.48309253669615,0.037500005215406446,0.0
gbr_323,263.527404785156,32.4429783223374,0.0370000004768372,0.0
gbr_324,353.94970703125,32.4429783223374,0.0250000059604645,0.0
gbr_325,198.149398803711,32.4429783223374,0.0370000004768372,0.0
gbr_326,203.78759765625,32.4429783223374,0.0400000065565109,0.0
gbr_327,323.33076209488803,27.9748743718593,0.9658750668168062,0.75
gbr_328,288.429504394531,32.4429783223374,0.028999999165535,0.0
gbr_329,449.2804412841795,26.7170542635659,0.02950000204145905,0.0
gbr_33,753.8406871448864,45.2647223780146,0.3667727546258405,0.0
gbr_330,199.651596069336,32.4429783223374,0.039000004529953,0.0
gbr_331,206.13343302408865,32.4429783223374,0.038333336512247705,0.0
gbr_332,195.7039947509765,32.4429783223374,0.03950000181794165,0.0
gbr_333,252.88908843638703,27.9748743718593,1.0496667176485086,0.6666666666666666
gbr_334,421.121002197266,26.7170542635659,0.0305000022053719,0.0
gbr_335,218.168251037598,32.4429783223374,0.03700000047683715,0.0
gbr_336,190.27870178222662,32.4429783223374,0.038750002160668366,0.0
gbr_337,198.663497924805,32.4429783223374,0.0400000065565109,0.0
gbr_338,198.663497924805,32.4429783223374,0.0400000065565109,0.0
gbr_34,774.3032989501953,45.2647223780146,0.6538750417530543,0.0
gbr_340,133.567096710205,32.4429783223374,0.2605000138282775,16.0
gbr_341,180.8982543945315,32.4429783223374,0.040000002831220655,0.0
gbr_342,173.23509483204126,29.650413353288588,0.830750036984682,4.5
gbr_343,453.0931777954101,30.517861333210043,0.12362500759107707,1.1428571428571428
gbr_344,430.23934173583973,32.4429783223374,0.022500003688037375,0.0
gbr_345,437.050506591797,26.7170542635659,0.0445000007748604,0.0
gbr_346,119.354400634766,32.4429783223374,0.644000053405762,0.0
gbr_347,165.47737503051775,32.4429783223374,0.0407500006258488,0.0
gbr_348,452.5515112304688,31.98490439763568,0.05394000202417375,0.4
gbr_349,149.834001813616,32.4429783223374,0.04000000017029897,0.0
gbr_35,464.060760498047,37.59375,1.435500025749205,1.0
gbr_350,161.3656253814696,32.4429783223374,0.04074999969452619,0.0
gbr_351,495.93552186518565,35.09278557172096,0.06011062212683987,1.008849557522124
gbr_352,626.5649908618444,29.93949547109753,0.02656185659627939,0.4742268041237113
gbr_353,724.694702148437,29.9495142974415,0.02500000223517415,0.0
gbr_354,261.5545196533202,29.9495142974415,0.07180000394582742,6.8
gbr_355,370.116732782754,34.6999562458981,0.5140000358223917,0.5
gbr_356,623.0537643432618,34.6999562458981,0.27075001364573775,0.125
gbr_357,519.329168690508,34.6999562458981,1.805500149726865,1.0
gbr_358,416.75147907817717,34.6999562458981,0.7123333613077797,0.5
gbr_359,607.8287658691405,34.6999562458981,0.0144999995827675,0.0
gbr_36,400.379608154297,37.59375,1.77250003814697,1.0
gbr_360,629.56201171875,34.6999562458981,0.042333334063490186,0.0
gbr_361,632.2611694335938,34.6999562458981,0.024500000290572626,0.0
gbr_362,622.189392089844,34.6999562458981,0.03600000217556955,0.0
gbr_363,584.2426264836238,34.6999562458981,0.048403848320818836,0.07692307692307693
gbr_364,352.890106201172,34.6999562458981,0.754000008106232,0.0
gbr_365,379.21966770717074,34.6999562458981,0.33714287249105296,4.142857142857143
gbr_366,622.986206054688,34.6999562458981,0.044999998062849,0.0
gbr_367,519.329168690508,31.4549697968149,1.41600016504526,1.0
gbr_368,631.6600952148435,34.6999562458981,0.0140000022947788,0.0
gbr_369,627.5394287109375,34.6999562458981,0.02250000089406965,0.0
gbr_37,506.27576446533226,37.59375,0.1840000078082085,0.25
gbr_370,521.5819091796875,34.6999562458981,0.06700000166893005,0.0
gbr_371,368.85823363724603,31.4549697968149,1.0847500264644614,0.5
gbr_372,610.1364302201705,34.6999562458981,0.09063636861515752,0.09090909090909091
gbr_373,574.6577933175224,34.6999562458981,0.04571428788559779,0.14285714285714285
gbr_374,318.11244811707013,31.4549697968149,0.8567857422998976,0.42857142857142855
gbr_375,576.2247009277345,34.6999562458981,0.0279999990016222,0.0
gbr_376,609.6146972656252,34.6999562458981,0.03500000163912776,0.2
gbr_377,331.80752257945335,31.454969796814897,0.8978334168593106,0.3333333333333333
gbr_378,343.75757445889167,31.4549697968149,0.9088125498965395,0.25
gbr_379,628.5270124162946,34.6999562458981,0.06250000133046087,0.14285714285714285
gbr_38,442.02009582519497,37.59375,1.008500054478644,1.0
gbr_380,607.2824194335938,34.6999562458981,0.1302000062167644,1.16
gbr_381,671.272888183594,34.6999562458981,0.0160000007599592,0.0
gbr_382,172.4708023071285,29.9495142974415,0.5155000388622285,0.0
gbr_384,191.63956705729166,29.9495142974415,0.3243333597977957,0.0
gbr_385,192.267105102539,29.9495142974415,0.0700000077486038,20.0
gbr_386,268.5160804721875,29.9495142974415,0.2016875166445971,2.625
gbr_388,167.222396850586,29.9495142974415,0.164000004529953,0.0
gbr_39,715.1033325195312,37.59375,0.024600000679492938,0.0
gbr_390,655.9251185825893,29.9495142974415,0.043071429378220005,0.0
gbr_391,208.089706420898,29.9495142974415,0.0660000070929527,0.0
gbr_392,519.329168690508,29.9495142974415,0.657000049948692,1.0
gbr_395,477.411600748698,34.6999562458981,0.027166667083899167,0.3333333333333333
gbr_396,248.806304931641,34.6999562458981,0.0530000030994415,0.0
gbr_397,289.7714996337895,34.6999562458981,0.0437500029802322,0.0
gbr_398,626.743204752604,34.6999562458981,0.025333335002263365,0.0
gbr_399,242.34999847412098,34.6999562458981,0.056500002741813646,0.0
gbr_4,456.6562245686848,37.59375,0.06466666733225186,0.0
gbr_40,436.5551656087239,37.59375,0.10655556122461952,0.0
gbr_401,623.7622535342261,34.6999562458981,0.027630952852112912,0.0
gbr_402,572.3045059177442,34.6999562458981,0.012000000104308125,0.0
gbr_404,610.5491027832035,34.6999562458981,0.24500001594424234,0.0
gbr_405,652.3190977340126,31.088960265013597,0.04805435001364223,0.03260869565217391
gbr_406,256.500244140625,34.6999562458981,0.054999995976686505,0.0
gbr_407,708.917541503906,29.2272143774069,0.0139999985694885,0.0
gbr_408,694.3652140299482,29.2272143774069,0.029666667804121968,0.0
gbr_409,152.9237480163575,29.9495142974415,0.18700000643730158,0.0
gbr_41,703.963623046875,37.59375,0.0280000008642673,0.0
gbr_411,726.353210449219,29.9495142974415,0.0150000005960464,0.0
gbr_412,648.8838233010838,28.753768765553538,0.034341465204772416,0.9390243902439024
gbr_413,133.359802246094,29.9495142974415,0.503000020980835,0.0
gbr_414,750.6702880859375,29.9495142974415,0.016750000417232527,0.0
gbr_415,282.7074025472007,31.454969796814897,0.38133335113525385,0.0
gbr_416,519.329168690508,34.6999562458981,0.0089999996125698,0.0
gbr_418,290.9430969224951,31.4549697968149,0.8755625318735836,0.125
gbr_419,650.8786010742186,33.483086327491904,0.09656250849366194,0.0
gbr_42,524.3190002441407,35.0815100815101,0.0182499988004565,0.0
gbr_420,676.7588806152343,34.6999562458981,0.02550000231713055,0.0
gbr_421,352.73765258433605,31.454969796814897,0.29316668709119137,11.666666666666666
gbr_422,485.97311981765245,30.40792976270293,0.1496389819806591,1.1677018633540373
gbr_423,655.7451354980469,32.42846573153986,0.10012500584125514,0.0
gbr_424,681.750752766927,33.6182940962037,0.14920834389825655,0.0
gbr_425,519.329168690508,31.4549697968149,1.27500009536743,1.0
gbr_426,404.9318267768945,31.4549697968149,1.0480000749230376,0.5
gbr_427,499.978561401367,31.4549697968149,0.3975000074133286,0.25
gbr_428,443.06427408143236,31.454969796814897,0.64300004641215,3.6666666666666665
gbr_429,497.59817504882824,31.4549697968149,0.33025000616908107,0.25
gbr_43,227.815505981445,30.5232067510549,1.47550010681152,1.0
gbr_430,499.28483072916697,31.454969796814897,0.4293333416183794,0.3333333333333333
gbr_431,372.90312703450564,29.5522109994927,0.050000004470348365,0.0
gbr_432,358.948394775391,28.6008316008316,0.0480000078678131,0.0
gbr_433,397.080438229756,28.6008316008316,0.0610000006854534,9.5
gbr_435,569.7524261474609,29.5522109994927,0.033333335071802146,0.0
gbr_436,471.01195220147474,29.314366149827425,0.313374999910593,12.25
gbr_437,383.69122517548203,28.6008316008316,0.680166686574618,0.3333333333333333
gbr_438,668.115295410156,28.6008316008316,0.0200000007947286,0.0
gbr_439,357.135452270508,28.6008316008316,0.056000005453825004,0.0
gbr_44,532.3527679443359,35.0815100815101,0.016749999485909925,0.0
gbr_440,420.0303446451824,28.600831600831597,0.15894445942507812,0.1111111111111111
gbr_441,391.9780293747006,28.6008316008316,0.3113333558042843,0.3333333333333333
gbr_442,355.109405517578,28.6008316008316,0.0625,0.0
gbr_443,669.7540690104166,28.6008316008316,0.021666667113701504,0.0
gbr_444,665.1948364257812,28.6008316008316,0.02120000049471856,0.0
gbr_445,519.329168690508,28.6008316008316,0.560000047087669,1.0
gbr_446,637.427124023438,28.6008316008316,0.0189999975264072,0.0
gbr_447,637.427124023438,28.6008316008316,0.0189999975264072,0.0
gbr_448,637.7828063964845,28.6008316008316,0.04700000397861,0.5
gbr_449,461.7482185363771,28.6008316008316,0.38893752126023146,0.125
gbr_45,643.52490234375,35.0815100815101,0.0279999971389771,0.0
gbr_450,519.329168690508,28.6008316008316,0.560000047087669,1.0
gbr_451,517.7166341145834,28.6008316008316,0.04066666836539907,3.5
gbr_452,622.3866424560545,28.6008316008316,0.028249999508261674,0.0
gbr_453,601.752899169922,28.6008316008316,0.0245000012218952,0.0
gbr_455,556.5977579752603,28.600831600831597,0.04883333543936413,1.2222222222222223
gbr_456,392.431610107422,28.6008316008316,0.078000009059906,34.0
gbr_458,480.4956970214845,28.6008316008316,0.040000002831220655,0.0
gbr_459,467.1245031674298,28.6008316008316,0.525700038671493,7.2
gbr_46,259.036163330078,30.5232067510549,0.16300001243750267,0.0
gbr_460,491.85954284667963,28.6008316008316,0.05718750506639485,0.875
gbr_461,521.4186401367185,28.6008316008316,0.03550000488758085,0.5
gbr_462,415.6317443847655,28.6008316008316,0.33250002562999753,0.0
gbr_463,431.15025329589855,28.6008316008316,0.078500010073185,0.0
gbr_464,397.870697021484,28.6008316008316,1.60649996995926,1.0
gbr_465,501.301208496094,28.6008316008316,0.0654999986290932,0.0
gbr_466,436.333404541016,28.6008316008316,0.049000009894371,0.0
gbr_467,501.301208496094,28.6008316008316,0.0654999986290932,0.0
gbr_469,190.1002960205075,29.9495142974415,0.05300000309944155,0.0
gbr_47,514.2148056030272,35.0815100815101,0.13899999950081116,0.0
gbr_470,195.194107055664,29.9495142974415,0.0549999997019768,0.0
gbr_471,120.900199890137,29.9495142974415,0.327000007033348,0.0
gbr_472,685.6969909667969,29.2272143774069,0.030500001584490132,0.0
gbr_473,621.834461800816,29.2272143774069,0.0193333342257473,0.0
gbr_474,664.874253493089,29.2272143774069,0.031153847391788777,0.0
gbr_475,236.16296386718736,29.9495142974415,0.042999995251496635,0.0
gbr_476,538.9317932128905,28.2735042735043,0.04200000315904615,1.0
gbr_477,538.9317932128905,28.2735042735043,0.04200000315904615,1.0
gbr_478,555.559326171875,28.2735042735043,0.0410000011324883,1.0
gbr_479,548.259216308594,28.2735042735043,0.0230000019073486,1.0
gbr_48,279.704833984375,30.5232067510549,0.18233335018157967,0.0
gbr_480,541.5597076416016,28.88890730916595,0.4047500342130671,2.0
gbr_481,547.200012207031,29.5043103448276,0.023499999195337302,1.0
gbr_482,519.6617431640625,29.5043103448276,0.03099999949336055,1.0
gbr_483,552.3983764648435,29.5043103448276,0.0249999985098839,1.0
gbr_484,555.1472167968752,29.5043103448276,1.0085000414401304,1.0
gbr_485,550.3553277377425,29.292102401495995,0.4436034627001865,3.6206896551724137
gbr_486,496.29683133064617,28.841568614115054,0.8529615849256508,2.6153846153846154
gbr_487,532.009216308594,29.5043103448276,0.0339999943971634,1.0
gbr_488,564.9796997070313,29.504310344827605,0.2804000109434137,1.8
gbr_489,501.616744995117,29.5043103448276,0.0430000014603138,0.5
gbr_49,221.757904052734,30.5232067510549,1.78000003099442,1.0
gbr_490,566.8649888907485,30.2629801644896,0.27900001242756856,2.56
gbr_491,661.1871541341144,29.5043103448276,0.3850000140567636,0.3333333333333333
gbr_492,554.1457977294922,29.5043103448276,0.05525000765919674,6.25
gbr_493,553.4090657552083,29.5043103448276,0.5726666957139975,2.6666666666666665
gbr_494,557.5679565429688,29.504310344827605,0.11880000606179242,3.7
gbr_495,559.292683919271,29.5043103448276,0.024666662017504365,1.0
gbr_496,561.0424346923829,29.5043103448276,0.326395849386851,2.2083333333333335
gbr_497,516.1355472265029,29.5043103448276,0.5509117933757158,0.29411764705882354
gbr_498,518.965148925781,29.5043103448276,0.03850000351667405,0.0
gbr_499,401.20308303833025,29.9495142974415,0.03337500058114528,0.0
gbr_5,427.50241088867205,37.59375,0.0763333390156428,0.0
gbr_50,508.1941324869793,35.0815100815101,0.032333335528771066,0.0
gbr_500,294.31034851074253,29.9495142974415,0.0334999971091747,0.0
gbr_501,209.61309814453102,29.9495142974415,0.0389999970793724,0.0
gbr_502,739.015350341797,29.9495142974415,0.0130000002682209,0.0
gbr_503,812.5581665039059,29.9495142974415,0.14433333153525993,15.0
gbr_504,240.71039581298825,29.9495142974415,0.037249999120831476,0.0
gbr_505,244.25872421264648,29.9495142974415,0.03850000165402888,0.0
gbr_506,519.329168690508,29.2272143774069,0.010000000397364234,0.0
gbr_507,277.198172829368,29.9495142974415,0.14418182589790995,0.0
gbr_508,364.70085848294787,29.949514297441503,0.03376923157618595,0.0
gbr_509,132.88459777832,29.9495142974415,1.39999997615814,0.0
gbr_51,647.7566528320312,35.0815100815101,0.024499999359250076,0.0
gbr_510,700.0900268554688,29.2272143774069,0.014999999354283,0.0
gbr_511,701.3984985351565,29.2272143774069,0.01400000043213365,0.0
gbr_512,841.964477539062,29.9495142974415,0.305000022053719,1.0
gbr_513,696.4112164115222,29.249102253771582,0.020515152337876215,0.0
gbr_514,225.009346008301,29.9495142974415,0.20987501367926592,17.0
gbr_515,671.1803283691405,29.9495142974415,0.0125000011175871,0.0
gbr_516,779.4545232599431,29.9495142974415,0.04127272861925041,0.45454545454545453
gbr_517,296.96015058244984,29.9495142974415,0.09207142889499671,9.714285714285714
gbr_518,519.329168690508,29.2272143774069,0.015500001609325399,0.0
gbr_519,399.707794189453,29.9495142974415,0.056999996304512,0.0
gbr_52,506.777801513672,35.0815100815101,0.014000004157423949,0.5
gbr_520,738.846138789736,29.9495142974415,0.049724139915458085,0.10344827586206896
gbr_521,244.917379760742,29.9495142974415,0.6136000365018847,0.2
gbr_522,442.36142578125,29.9495142974415,0.05259999930858612,0.0
gbr_523,519.329168690508,26.6789862724393,0.04850000391403833,0.0
gbr_524,519.329168690508,26.6789862724393,0.05650000646710395,0.0
gbr_525,519.329168690508,26.6789862724393,0.0600000098347664,0.0
gbr_526,519.329168690508,26.6789862724393,0.09511111718085079,1.1111111111111112
gbr_527,603.7711307552738,28.03344874908987,0.11916386428174017,0.599250936329588
gbr_528,530.9808859274976,28.89334975210079,0.21779825612466938,2.0964912280701755
gbr_529,519.329168690508,26.6789862724393,0.063000001013279,0.0
gbr_53,507.63382829938627,36.4411764705882,0.2457143057669911,0.7142857142857143
gbr_530,519.329168690508,31.3319915475015,0.058250002562999725,16.75
gbr_531,519.329168690508,26.6789862724393,0.3175000287592412,0.0
gbr_532,625.6146036783854,29.5043103448276,0.029333338141441335,0.0
gbr_533,537.172409057617,29.5043103448276,0.038250001147389426,0.75
gbr_534,519.9661551278349,29.504310344827598,0.25742856732436586,0.7142857142857143
gbr_535,569.1746028309879,29.607660194360005,0.1561288723779708,1.0515463917525774
gbr_536,568.9567565917972,29.5043103448276,0.03633333245913189,1.3333333333333333
gbr_537,529.6946746772851,29.5043103448276,0.04100000485777855,0.5
gbr_538,519.329168690508,29.5043103448276,0.34044444395436185,5.333333333333333
gbr_539,519.329168690508,29.5043103448276,0.0690000057220459,16.5
gbr_54,532.343688964844,35.0815100815101,0.0160000026226044,0.0
gbr_540,557.5001220703125,29.5043103448276,0.0285000018775463,1.0
gbr_541,570.0721069335938,29.504310344827605,0.03450000062584877,1.0
gbr_542,519.329168690508,29.504310344827605,0.25210000425577184,7.4
gbr_543,551.044219970703,29.5043103448276,0.03050000220537185,1.0
gbr_544,551.044219970703,29.5043103448276,0.03050000220537185,1.0
gbr_545,596.397888183594,29.5043103448276,0.0230000019073486,0.0
gbr_546,519.329168690508,29.5043103448276,0.10075000114738948,1.0
gbr_547,569.9844360351562,29.5043103448276,0.03125000000000003,1.0
gbr_548,585.7661926269532,29.504310344827605,0.028499999642372133,0.5
gbr_549,562.487213134766,29.5043103448276,0.036500003188848495,1.0
gbr_55,519.329168690508,37.59375,0.105000004172325,0.0
gbr_550,593.9765472412107,29.5043103448276,0.0260000005364418,0.5
gbr_551,692.5648345947268,29.5043103448276,0.36012502107769256,0.0
gbr_552,692.5648345947268,29.5043103448276,0.36012502107769256,0.0
gbr_553,583.2909545898435,29.5043103448276,0.02900000289082525,1.0
gbr_554,573.741943359375,29.5043103448276,0.0325000025331974,1.0
gbr_555,534.271321097959,29.5043103448276,0.041249999776482596,0.25
gbr_556,519.329168690508,29.5043103448276,0.3740000147372485,1.375
gbr_557,519.329168690508,29.5043103448276,0.0429999977350235,0.0
gbr_558,519.329168690508,29.5043103448276,0.0399999991059303,0.0
gbr_559,519.329168690508,29.5043103448276,0.08600000664591795,2.0
gbr_56,370.439910888672,37.59375,0.0670000016689301,0.0
gbr_560,519.329168690508,29.504310344827605,0.5212000101804732,1.8
gbr_561,519.329168690508,29.5043103448276,0.04975000396370888,5.0
gbr_562,711.4278564453123,29.5043103448276,0.24225000850856315,0.0
gbr_563,519.329168690508,29.504310344827598,0.2702143075210707,1.1428571428571428
gbr_564,519.329168690508,29.5043103448276,0.12600000947713852,1.5
gbr_565,519.329168690508,29.504310344827605,0.39020001888275135,0.8
gbr_566,519.329168690508,29.5043103448276,0.0415000021457672,0.0
gbr_567,519.329168690508,29.5043103448276,0.42749999463558186,1.0
gbr_568,519.329168690508,29.5043103448276,0.909000039100647,1.0
gbr_569,634.3432744344076,29.5043103448276,0.02922916769360503,0.16666666666666666
gbr_57,348.833892822266,36.4411764705882,0.0539999976754189,0.0
gbr_570,764.7836303710935,29.5043103448276,0.01400000043213365,0.0
gbr_572,519.329168690508,29.5043103448276,0.5946667194366454,0.6666666666666666
gbr_573,519.329168690508,26.6789862724393,0.4323750510811811,0.25
gbr_574,519.329168690508,26.6789862724393,0.07400000095367434,0.5
gbr_575,519.329168690508,26.6789862724393,0.41780001223087365,0.0
gbr_576,519.329168690508,26.6789862724393,0.108000010251999,1.0
gbr_577,519.329168690508,27.620760963235398,0.1890833526849746,6.666666666666667
gbr_578,519.329168690508,26.6789862724393,0.0860000103712082,20.0
gbr_579,519.329168690508,26.6789862724393,0.039000004529953,0.0
gbr_58,344.654296875,36.4411764705882,0.111000016331673,0.0
gbr_580,519.329168690508,26.6789862724393,0.05266667405764264,6.666666666666667
gbr_581,519.329168690508,26.6789862724393,0.0220000073313713,0.0
gbr_582,519.329168690508,26.6789862724393,0.2572500209013613,5.166666666666667
gbr_583,740.0617385837597,26.6789862724393,0.020500001497566728,0.0
gbr_584,545.0361938476562,28.6008316008316,0.37680003196001044,11.4
gbr_585,668.8113861083984,28.6008316008316,0.2152500059455633,0.0
gbr_586,523.3431701660155,28.6008316008316,0.056000009179115295,0.5
gbr_587,559.004364013672,28.6008316008316,0.04399999603629115,1.0
gbr_588,494.81695420651494,28.600831600831597,0.659944482975535,0.5555555555555556
gbr_589,559.921813964844,28.6008316008316,0.0450000092387199,1.0
gbr_59,346.74409484863304,36.4411764705882,0.08250000700354596,0.0
gbr_590,605.91748046875,28.6008316008316,0.09537500143051156,0.25
gbr_591,605.91748046875,28.6008316008316,0.09537500143051156,0.25
gbr_592,521.7423858642578,28.6008316008316,0.7544999954601125,13.666666666666666
gbr_593,488.31754104981917,28.600831600831597,0.6251111347918148,0.5185185185185185
gbr_594,488.0542077594062,28.6008316008316,0.62590001821518,0.6
gbr_595,640.5824302666674,28.686180349165035,0.15440625586779783,0.0625
gbr_596,511.981384277344,28.6008316008316,0.048500001430511454,0.0
gbr_597,519.329168690508,28.2735042735043,0.899499893188477,0.0
gbr_598,489.51748860321635,28.2735042735043,0.6754999707142507,0.0
gbr_599,476.61151733220714,28.2735042735043,0.8479166726271302,0.0
gbr_6,735.1917201450893,41.97716278743691,0.022714285978249142,0.0
gbr_60,775.0174102783203,45.2647223780146,0.036249999888241305,0.25
gbr_600,509.0427520698634,28.6008316008316,0.932150024920702,0.7
gbr_601,519.3156132616497,28.374220374220393,0.5696154024738533,3.230769230769231
gbr_602,554.7850341796875,28.2735042735043,0.0249999985098839,1.0
gbr_603,521.3037109375,28.6008316008316,2.4940001219511,1.0
gbr_604,195.194107055664,29.9495142974415,0.0549999997019768,0.0
gbr_605,317.578002929688,30.5232067510549,0.425000041723251,0.0
gbr_606,519.329168690508,26.6789862724393,0.046000000089406974,0.0
gbr_607,519.329168690508,26.6789862724393,0.0329999998211861,0.0
gbr_608,519.329168690508,26.6789862724393,0.03399999812245365,0.0
gbr_609,519.329168690508,26.6789862724393,0.029500002041459073,0.0
gbr_61,735.3053131103516,37.59375,0.15825000964105118,0.0
gbr_610,552.501681857268,27.223830594859976,0.11472305928741748,1.5
gbr_611,519.329168690508,26.6789862724393,0.03090000376105308,0.0
gbr_612,519.329168690508,26.6789862724393,0.029666669666767103,0.0
gbr_613,519.329168690508,26.6789862724393,0.8772500641644009,0.0
gbr_614,519.329168690508,26.6789862724393,0.0380000025033951,0.0
gbr_615,519.329168690508,26.6789862724393,0.19650000892579567,0.0
gbr_616,519.329168690508,26.6789862724393,0.2622499987483025,0.0
gbr_617,519.329168690508,26.6789862724393,0.0290000028908253,0.0
gbr_618,519.329168690508,26.6789862724393,0.030500004068017,0.0
gbr_619,519.329168690508,26.6789862724393,0.0290000066161156,0.0
gbr_62,774.193359375,45.2647223780146,0.02900000289082525,0.5
gbr_620,519.329168690508,26.6789862724393,0.0460000038146973,0.0
gbr_621,519.329168690508,26.6789862724393,0.0380000025033951,0.0
gbr_622,519.329168690508,26.6789862724393,0.02950000390410425,0.0
gbr_623,519.329168690508,26.6789862724393,0.03166666875282923,0.0
gbr_624,538.5341796875,28.6008316008316,0.0279999971389771,1.0
gbr_625,549.9361572265624,28.6008316008316,0.4396667256951337,10.333333333333334
gbr_626,476.9007568359375,28.6008316008316,0.01749999821186065,0.0
gbr_627,534.415222167969,28.6008316008316,0.0319999977946281,0.0
gbr_628,488.309295654297,28.6008316008316,0.0445000045001507,0.0
gbr_629,561.6402893066405,28.6008316008316,0.0359999984502792,0.0
gbr_63,422.261245727539,37.59375,1.219000063836575,1.0
gbr_630,624.6605936686196,28.6008316008316,0.25008334343632055,0.3333333333333333
gbr_631,561.6669921875,28.6008316008316,0.0359999984502792,0.0
gbr_632,479.3079406738282,28.6008316008316,0.02900000289082526,0.0
gbr_633,472.7166900634765,28.6008316008316,0.032500000670552254,0.0
gbr_634,472.7166900634765,28.6008316008316,0.032500000670552254,0.0
gbr_635,514.9207526312935,28.600831600831597,0.09205556384943155,1.2222222222222223
gbr_636,636.5951232910153,28.6008316008316,0.2792500210925936,0.0
gbr_637,653.5641479492185,28.6008316008316,0.35450001060962677,0.0
gbr_638,653.5641479492185,28.6008316008316,0.35450001060962677,0.0
gbr_639,530.202880859375,28.6008316008316,0.0480000004172325,1.0
gbr_64,517.22615814209,37.59375,0.06450000777840613,0.25
gbr_641,679.8439819335933,28.6008316008316,0.22000000625848762,0.0
gbr_642,544.7542419433595,28.6008316008316,0.044999998062849045,1.0
gbr_643,519.329168690508,26.6789862724393,0.03899999987334012,0.0
gbr_644,519.329168690508,26.6789862724393,0.0370000023394823,0.0
gbr_645,519.329168690508,26.6789862724393,0.0325000025331974,0.0
gbr_646,519.329168690508,26.6789862724393,0.03850000351667405,0.0
gbr_647,519.329168690508,26.6789862724393,0.0439999997615814,0.0
gbr_648,519.329168690508,26.6789862724393,0.03566666940848034,0.0
gbr_649,519.329168690508,26.6789862724393,0.0430000014603138,0.0
gbr_65,400.4827880859375,37.59375,1.2005000710487386,1.0
gbr_650,519.329168690508,26.6789862724393,0.04400000162422655,0.0
gbr_651,519.329168690508,31.3319915475015,0.0489999949932098,0.0
gbr_652,519.329168690508,26.6789862724393,0.03922222430507343,0.0
gbr_653,519.329168690508,31.3319915475015,0.9947500079870236,10.0
gbr_654,519.329168690508,31.3319915475015,0.8207500552137699,3.5
gbr_655,519.329168690508,31.3319915475015,0.0309999994933605,0.0
gbr_656,519.329168690508,31.3319915475015,0.0340000055730343,0.0
gbr_657,519.329168690508,29.78098978914743,0.0326666695376237,0.0
gbr_658,519.329168690508,31.3319915475015,0.0714999884366989,0.0
gbr_66,758.4741151871219,43.78001804678597,0.1589193618105303,0.03225806451612903
gbr_660,335.829315185547,36.4411764705882,0.379000037908554,0.0
gbr_661,519.329168690508,36.4411764705882,0.344000041484833,0.0
gbr_662,356.153411865234,36.4411764705882,0.0470000058412552,0.0
gbr_663,356.153411865234,36.4411764705882,0.0470000058412552,0.0
gbr_664,318.375091552734,30.5232067510549,0.145999997854233,3.0
gbr_665,519.329168690508,26.6789862724393,1.26500010490417,0.0
gbr_666,326.028411865234,36.4411764705882,0.329000025987625,0.0
gbr_667,176.791702270508,32.4429783223374,0.0410000011324883,0.0
gbr_668,547.212585449219,28.6008316008316,0.049000009894371,1.0
gbr_669,362.597198486328,36.4411764705882,0.959000065922737,1.0
gbr_67,450.38744750550006,37.59375,1.685100042819976,1.0
gbr_670,348.833892822266,36.4411764705882,0.0539999976754189,0.0
gbr_671,129.271453857422,32.4429783223374,0.04850000888109205,1.0
gbr_672,344.654296875,36.4411764705882,0.111000016331673,0.0
gbr_673,335.829315185547,36.4411764705882,0.379000037908554,0.0
gbr_674,350.846984863281,37.59375,0.0750000029802322,1.0
gbr_675,108.755897521973,27.9748743718593,0.0480000078678131,0.0
gbr_676,532.009216308594,29.5043103448276,0.0339999943971634,1.0
gbr_677,373.898590087891,36.4411764705882,0.955000042915344,1.0
gbr_678,155.073501586914,29.9495142974415,0.0509999990463257,0.0
gbr_679,463.274200439453,36.4411764705882,0.0389999970793724,0.0
gbr_68,451.541198730469,37.59375,0.0680000111460686,0.0
gbr_681,192.267105102539,29.9495142974415,0.0700000077486038,20.0
gbr_682,492.040191650391,45.2647223780146,0.034000001847744,0.0
gbr_683,368.76622517903667,36.4411764705882,0.9575000305970504,1.0
gbr_684,192.267105102539,29.9495142974415,0.0700000077486038,20.0
gbr_685,292.09619140625,34.6999562458981,0.0469999983906746,0.0
gbr_686,357.0608978271485,36.4411764705882,1.0162500217556936,1.0
gbr_687,764.908813476562,45.2647223780146,0.0319999977946281,0.0
gbr_688,322.448486328125,30.5232067510549,0.12100000679493,0.0
gbr_69,434.920684814453,37.59375,0.11599999666214,0.0
gbr_690,479.787200927734,30.5232067510549,0.0230000019073486,0.0
gbr_691,457.32958984375,30.5232067510549,0.0369999930262566,0.0
gbr_693,350.846984863281,37.59375,0.0750000029802322,1.0
gbr_694,145.9107971191405,29.9495142974415,0.06300000101327895,17.0
gbr_695,344.182189941406,36.4411764705882,0.0540000051259995,0.0
gbr_696,373.898590087891,36.4411764705882,0.955000042915344,1.0
gbr_697,373.898590087891,36.4411764705882,0.955000042915344,1.0
gbr_698,315.606597900391,28.6008316008316,0.754000052809715,0.0
gbr_699,519.329168690508,37.59375,0.419000044465065,0.0
gbr_70,434.920684814453,37.59375,0.11599999666214,0.0
gbr_700,351.524597167969,36.4411764705882,1.07349997758865,1.0
gbr_701,351.524597167969,36.4411764705882,1.07349997758865,1.0
gbr_702,248.806304931641,34.6999562458981,0.0530000030994415,0.0
gbr_703,478.714813232422,29.9495142974415,0.0549999997019768,0.0
gbr_704,344.654296875,36.4411764705882,0.111000016331673,0.0
gbr_705,318.375091552734,30.5232067510549,0.145999997854233,3.0
gbr_706,318.375091552734,30.5232067510549,0.145999997854233,3.0
gbr_707,350.036247253418,36.4411764705882,0.4805000051856032,0.5
gbr_708,332.928009033203,36.4411764705882,1.06200003623962,1.0
gbr_709,332.928009033203,36.4411764705882,1.06200003623962,1.0
gbr_71,497.10693613688153,37.59375,0.23175001454850017,0.25
gbr_710,332.928009033203,36.4411764705882,1.06200003623962,1.0
gbr_711,332.928009033203,36.4411764705882,1.06200003623962,1.0
gbr_712,521.3037109375,28.6008316008316,2.4940001219511,1.0
gbr_713,373.898590087891,36.4411764705882,0.955000042915344,1.0
gbr_714,344.654296875,36.4411764705882,0.111000016331673,0.0
gbr_715,344.654296875,36.4411764705882,0.111000016331673,0.0
gbr_716,344.654296875,36.4411764705882,0.111000016331673,0.0
gbr_717,350.846984863281,37.59375,0.0750000029802322,1.0
gbr_718,350.846984863281,37.59375,0.0750000029802322,1.0
gbr_719,519.329168690508,26.6789862724393,0.03950000181794165,0.0
gbr_72,452.676742553711,37.59375,0.06950001046061516,0.0
gbr_720,519.329168690508,26.6789862724393,0.0300000011920929,0.0
gbr_721,519.329168690508,26.6789862724393,0.03050000220537185,0.0
gbr_722,519.329168690508,31.3319915475015,0.0530000105500221,0.0
gbr_723,519.329168690508,26.6789862724393,0.037500003352761296,0.0
gbr_724,519.329168690508,26.6789862724393,0.0300000011920929,0.0
gbr_725,519.329168690508,26.6789862724393,0.0500000044703484,0.0
gbr_726,519.329168690508,26.6789862724393,0.0380000015720725,0.0
gbr_727,519.329168690508,26.6789862724393,0.03834782767554988,0.0
gbr_728,519.329168690508,26.6789862724393,0.0530000030994415,0.0
gbr_729,519.329168690508,26.6789862724393,0.0330000072717667,0.0
gbr_73,434.920684814453,37.59375,0.11599999666214,0.0
gbr_730,519.329168690508,26.6789862724393,0.034833335628112166,0.0
gbr_731,519.329168690508,26.6789862724393,0.039000004529953,0.0
gbr_732,519.329168690508,31.3319915475015,0.5691667248805364,9.666666666666666
gbr_733,519.329168690508,31.3319915475015,0.33148078935650643,4.923076923076923
gbr_734,519.329168690508,29.0054889099704,0.02674999926239255,0.0
gbr_735,519.329168690508,27.551424761513463,0.08004464646468738,0.7410714285714286
gbr_736,519.329168690508,27.609587327451738,0.13375000543892385,0.2
gbr_737,519.329168690508,26.678986272439303,0.13386364196511827,1.4545454545454546
gbr_738,285.72001494887377,27.9748743718593,0.22127778000301784,0.2222222222222222
gbr_739,134.50645065307626,30.5232067510549,0.8652500361204137,0.0
gbr_74,476.24841714783867,37.59375,1.57416671017806,1.0
gbr_740,135.373001098633,30.5232067510549,0.944000065326691,0.0
gbr_741,379.818603515625,31.4549697968149,0.0489999949932098,0.0
gbr_742,360.1181457509375,35.087020514957025,0.8234047960667381,0.7619047619047619
gbr_743,441.0590680284399,31.4549697968149,0.060647061423343744,2.0
gbr_744,519.329168690508,26.6789862724393,0.0389999970793724,0.0
gbr_745,521.3037109375,28.6008316008316,2.4940001219511,1.0
gbr_746,213.558898925781,29.9495142974415,0.0520000010728836,0.0
gbr_747,213.558898925781,29.9495142974415,0.0520000010728836,0.0
gbr_748,155.073501586914,29.9495142974415,0.0509999990463257,0.0
gbr_749,356.153411865234,36.4411764705882,0.0470000058412552,0.0
gbr_75,434.920684814453,37.59375,0.11599999666214,0.0
gbr_750,499.0364450995212,36.232294845741905,0.0968899132188307,0.8073394495412844
gbr_751,351.2582937311344,31.83444553076271,0.2290142509921253,0.7278481012658228
gbr_752,270.14043172200536,30.5232067510549,1.4206666946411133,1.0
gbr_753,284.32871704101564,30.523206751054897,1.377800059318544,1.0
gbr_754,453.792421438173,31.895164811167675,0.09212739924075963,0.9272030651340997
gbr_756,356.153411865234,36.4411764705882,0.0470000058412552,0.0
gbr_76,504.589599609375,37.59375,0.0485000014305115,0.0
gbr_77,757.9796569824218,42.96343066461022,0.03109999969601631,0.0
gbr_8,519.329168690508,31.3319915475015,0.0110000036656857,0.0
gbr_80,519.329168690508,38.4444444444444,0.03183333575725555,0.0
gbr_81,519.329168690508,38.4444444444444,0.182666674256325,0.0
gbr_82,519.329168690508,38.4444444444444,0.182666674256325,0.0
gbr_83,525.2760314941407,38.4444444444444,0.019875001162290573,0.0
gbr_84,474.91925251923203,40.43430560748633,0.40416664630174637,0.3333333333333333
gbr_85,442.303192138672,37.59375,0.117000013589859,0.0
gbr_86,437.322814941406,37.59375,0.891500055789948,1.0
gbr_87,447.44349670410145,37.59375,0.43199999630451197,0.5
gbr_88,436.385498046875,37.59375,0.4839999973773955,0.5
gbr_89,462.805908203125,37.59375,0.0950000062584877,0.0
gbr_9,694.814086914062,37.59375,0.0249999985098839,0.0
gbr_90,462.805908203125,37.59375,0.0950000062584877,0.0
gbr_91,437.075988769531,37.59375,0.212999999523163,0.0
gbr_92,478.2025787300195,37.59375,0.5620000287890435,0.5
gbr_93,459.059997558594,37.59375,1.155750051140785,1.0
gbr_94,525.1624416775174,41.47567908158672,0.021666667941543788,0.0
gbr_95,465.0219955444335,37.59375,0.6582500413060187,0.75
gbr_96,478.9915466308595,37.59375,0.8110000491142275,1.0
gbr_97,703.438751220703,35.0815100815101,0.02975000254809855,0.0
gbr_98,396.0284912056055,30.5232067510549,1.4220001101493849,1.0
gbr_99,588.508117675781,35.0815100815101,0.0190000012516975,0.0
