Median_colony_size,BlackMarble_2016_3km_geo.3,H_abund,Long_Term_Kd_Median,ID,value
13.0,15,0.123296199,0.0240000002086163,1010001,2.0
13.0,14,0.123296199,0.0470000021159649,1010002,1.0
15.244019138756,15,0.123296199,0.0320000015199184,1010003,1.0
13.0,14,0.123296199,0.0360000021755695,1010004,1.0
13.0,14,0.123296199,0.149000003933907,1010005,4.0
15.244019138756,14,0.123296199,0.0329999998211861,1010006,2.0
13.0,14,0.123296199,0.0300000011920929,1010007,1.0
13.0,14,0.123296199,0.0390000008046627,1010008,1.0
15.244019138756,15,0.123296199,0.0310000013560057,1010009,2.0
13.0,15,0.188799711,0.0300000011920929,1010010,12.0
13.0,15,0.188799711,0.0780000016093254,1010011,21.0
13.0,15,0.188799711,0.0320000015199184,1010012,12.0
13.0,15,0.188799711,0.0310000013560057,1010013,21.0
13.0,14,0.188799711,0.13000001013279,1010014,36.0
13.0,14,0.188799711,0.13000001013279,1010015,36.0
13.0,15,0.188799711,0.0310000013560057,1010016,21.0
13.0,14,0.188799711,0.159000009298325,1010017,54.0
13.0,15,0.188799711,0.0380000025033951,1010018,54.0
13.0,14,0.188799711,0.0280000008642673,1010019,12.0
13.0,14,0.188799711,0.0300000011920929,1010020,21.0
13.0,15,0.188799711,0.0300000011920929,1010021,44.0
13.0,15,0.13000976,0.0270000007003546,1010022,4.0
13.0,15,0.13000976,0.0300000011920929,1010023,4.0
13.0,15,0.13000976,0.0320000015199184,1010024,3.0
13.0,15,0.13000976,0.0329999998211861,1010025,4.0
13.0,14,0.13000976,0.0290000010281801,1010026,3.0
13.0,15,0.13000976,0.0550000034272671,1010027,2.0
13.0,15,0.13000976,0.0659999996423721,1010028,1.0
13.0,14,0.13000976,0.0480000004172325,1010029,3.0
13.0,15,0.13000976,0.0290000010281801,1010030,3.0
13.0,15,0.13000976,0.0930000022053719,1010031,1.0
13.0,14,0.13000976,0.0870000049471855,1010032,1.0
13.0,15,0.13000976,0.068000003695488,1010033,1.0
13.0,14,0.13000976,0.0400000028312206,1010034,3.0
13.0,15,0.13000976,0.0360000021755695,1010035,3.0
13.0,14,0.13000976,0.122000008821487,1010036,1.0
13.0,15,0.13000976,0.12100000679493,1010037,1.0
13.0,14,0.13000976,0.12100000679493,1010038,1.0
13.0,15,0.13000976,0.0329999998211861,1010039,3.0
13.0,15,0.13000976,0.0350000001490116,1010040,3.0
13.0,15,0.13000976,0.128000006079674,1010041,1.0
13.0,15,0.13000976,0.138000011444092,1010042,1.0
13.0,15,0.13000976,0.129000008106232,1010043,1.0
13.0,15,0.13000976,0.0380000025033951,1010044,3.0
13.0,14,0.13000976,0.0320000015199184,1010045,3.0
13.0,14,0.13000976,0.119000002741814,1010046,1.0
13.0,14,0.13000976,0.117000006139278,1010047,1.0
13.0,14,0.13000976,0.123000003397465,1010048,1.0
13.0,15,0.13000976,0.0360000021755695,1010049,3.0
13.0,15,0.13000976,0.0290000010281801,1010050,3.0
13.0,15,0.13000976,0.0329999998211861,1010051,3.0
13.0,15,0.13000976,0.0440000034868717,1010052,3.0
13.0,15,0.13000976,0.596000015735626,1010053,1.0
13.0,14,0.13000976,0.0320000015199184,1010054,3.0
13.0,15,0.243165367,0.0500000007450581,1010055,1.0
13.0,14,0.243165367,0.0580000020563602,1010056,1.0
13.0,15,0.243165367,0.0540000014007092,1010057,1.0
13.0,14,0.243165367,0.0400000028312206,1010058,1.0
13.0,15,0.243165367,0.0390000008046627,1010059,1.0
13.0,15,0.243165367,0.0850000008940697,1010060,1.0
13.0,14,0.243165367,0.109000004827976,1010061,2.0
13.0,14,0.243165367,0.119000002741814,1010062,2.0
13.0,15,0.243165367,0.0410000011324883,1010063,1.0
13.0,14,0.243165367,0.0550000034272671,1010064,0.0
13.0,15,0.243165367,0.113000005483627,1010065,2.0
13.0,14,0.243165367,0.118500009179115,1010066,1.0
13.0,15,0.243165367,0.0650000050663948,1010067,1.0
13.0,15,0.243165367,0.0440000034868717,1010068,1.0
13.0,14,0.243165367,0.0310000013560057,1010069,1.0
13.0,15,0.243165367,0.0790000036358833,1010070,1.0
13.0,15,0.243165367,0.0640000030398369,1010071,1.0
13.0,14,0.243165367,0.0530000030994415,1010072,1.0
13.0,15,0.243165367,0.0360000021755695,1010073,1.0
13.0,14,0.243165367,0.0270000007003546,1010074,1.0
13.0,15,0.243165367,0.0350000001490116,1010075,1.0
13.0,14,0.243165367,0.0440000034868717,1010076,0.0
13.0,15,0.243165367,0.0360000021755695,1010077,1.0
13.0,15,0.243165367,0.0300000011920929,1010078,1.0
13.0,15,0.114465462,0.0280000008642673,1010079,1.0
13.0,15,0.114465462,0.0329999998211861,1010080,1.0
13.0,15,0.114465462,0.0310000013560057,1010081,1.0
13.0,15,0.114465462,0.0320000015199184,1010082,1.0
13.0,14,0.114465462,0.0700000002980232,1010083,1.0
13.0,14,0.114465462,0.0300000011920929,1010084,1.0
13.0,15,0.114465462,0.0290000010281801,1010085,1.0
13.0,15,0.114465462,0.0320000015199184,1010086,1.0
13.0,15,0.114465462,0.0280000008642673,1010087,1.0
13.0,15,0.306642821,0.0240000002086163,1010088,1.0
13.0,15,0.306642821,0.0300000011920929,1010089,1.0
13.0,15,0.306642821,0.0240000002086163,1010090,1.0
13.0,15,0.306642821,0.0240000002086163,1010091,1.0
13.0,15,0.306642821,0.0240000002086163,1010092,1.0
13.0,15,0.306642821,0.0620000027120113,1010093,1.0
13.0,14,0.306642821,0.0240000002086163,1010094,1.0
13.0,15,0.306642821,0.0320000015199184,1010095,1.0
13.0,15,0.306642821,0.0240000002086163,1010096,1.0
13.0,15,0.306642821,0.0240000002086163,1010097,1.0
13.0,15,0.306642821,0.0360000021755695,1010098,1.0
13.0,15,0.306642821,0.0240000002086163,1010099,1.0
13.0,15,0.306642821,0.0310000013560057,1010100,1.0
13.0,15,0.306642821,0.034000001847744,1010101,1.0
13.0,14,0.306642821,0.0240000002086163,1010102,1.0
13.0,15,0.306642821,0.0580000020563602,1010103,1.0
13.0,15,0.306642821,0.0290000010281801,1010104,1.0
13.0,15,0.306642821,0.0300000011920929,1010105,1.0
13.0,14,0.306642821,0.0240000002086163,1010106,1.0
13.0,15,0.306642821,0.0550000034272671,1010107,1.0
13.0,15,0.306642821,0.0310000013560057,1010108,1.0
13.0,14,0.306642821,0.0270000007003546,1010109,1.0
13.0,15,0.306642821,0.0280000008642673,1010110,1.0
13.0,15,0.306642821,0.0240000002086163,1010111,1.0
13.0,14,0.306642821,0.0240000002086163,1010112,1.0
13.0,15,0.306642821,0.0240000002086163,1010113,1.0
13.0,15,0.306642821,0.0260000005364418,1010114,1.0
13.0,15,0.048335946,0.0240000002086163,1010115,1.0
13.0,15,0.048335946,0.0240000002086163,1010116,1.0
13.0,14,0.048335946,0.0240000002086163,1010117,1.0
13.0,14,0.048335946,0.0240000002086163,1010118,2.0
13.0,14,0.197949974,0.0260000005364418,1010119,1.0
13.0,15,0.197949974,0.0240000002086163,1010120,1.0
13.0,15,0.197949974,0.0240000002086163,1010121,1.0
13.0,15,0.197949974,0.0240000002086163,1010122,1.0
13.0,14,0.197949974,0.0240000002086163,1010123,1.0
13.0,14,0.197949974,0.0240000002086163,1010124,1.0
13.0,15,0.197949974,0.0240000002086163,1010125,1.0
13.0,15,0.197949974,0.0240000002086163,1010126,1.0
13.0,15,0.197949974,0.0240000002086163,1010127,1.0
13.0,15,0.197949974,0.0260000005364418,1010128,1.0
13.0,14,0.197949974,0.0240000002086163,1010129,1.0
13.0,15,0.197949974,0.0240000002086163,1010130,1.0
13.0,14,0.197949974,0.0240000002086163,1010131,1.0
13.0,15,0.197949974,0.0360000021755695,1010132,1.0
13.0,14,0.197949974,0.0240000002086163,1010133,1.0
13.0,15,0.197949974,0.0280000008642673,1010134,0.0
13.0,15,0.197949974,0.0240000002086163,1010135,1.0
13.0,14,0.197949974,0.0240000002086163,1010136,1.0
13.0,15,0.197949974,0.0240000002086163,1010137,1.0
13.0,14,0.197949974,0.0240000002086163,1010138,1.0
13.0,14,0.197949974,0.0240000002086163,1010139,1.0
13.0,15,0.197949974,0.0300000011920929,1010140,1.0
13.0,14,0.197949974,0.0540000014007092,1010141,0.0
13.0,15,0.197949974,0.0240000002086163,1010142,1.0
13.0,14,0.197949974,0.0240000002086163,1010143,1.0
13.0,14,0.197949974,0.0240000002086163,1010144,1.0
13.0,15,0.197949974,0.0320000015199184,1010145,1.0
13.0,15,0.197949974,0.0240000002086163,1010146,1.0
13.0,14,0.197949974,0.0240000002086163,1010147,1.0
13.0,15,0.197949974,0.0650000050663948,1010148,1.0
13.0,14,0.197949974,0.0659999996423721,1010149,1.0
13.0,14,0.197949974,0.0240000002086163,1010150,1.0
13.0,15,0.197949974,0.0290000010281801,1010151,1.0
13.0,14,0.197949974,0.0260000005364418,1010152,0.0
13.0,15,0.197949974,0.0240000002086163,1010153,1.0
13.0,14,0.197949974,0.0240000002086163,1010154,1.0
13.0,14,0.197949974,0.0240000002086163,1010155,1.0
13.0,15,0.197949974,0.0240000002086163,1010156,1.0
13.0,15,0.109773401,0.0254999995231628,1010157,1.0
13.0,15,0.109773401,0.025000000372529,1010158,1.0
13.0,14,0.102524253,0.0240000002086163,1010159,1.0
13.0,15,0.102524253,0.0240000002086163,1010160,1.0
13.0,15,0.102524253,0.0230000019073486,1010161,1.0
16.0,14,0.1919928948672,0.0260000005364418,1010162,0.0
16.0,15,0.1919928948672,0.0240000002086163,1010163,0.0
16.0,15,0.1919928948672,0.0260000005364418,1010164,0.0
16.0,15,0.1919928948672,0.0260000005364418,1010165,0.0
16.0,15,0.14026966,0.0270000007003546,1010166,0.0
16.0,15,0.14026966,0.0270000007003546,1010167,0.0
16.0,13,0.14026966,0.0270000007003546,1010168,0.0
16.0,15,0.14026966,0.0280000008642673,1010169,0.0
16.0,14,0.14026966,0.0280000008642673,1010170,0.0
16.0,14,0.14026966,0.0260000005364418,1010171,0.0
16.0,15,0.14026966,0.025000000372529,1010172,0.0
16.0,16,0.14026966,0.0560000017285347,1010173,0.0
16.0,15,0.14026966,0.0320000015199184,1010174,0.0
16.0,14,0.14026966,0.0280000008642673,1010175,0.0
16.0,13,0.091956189,0.0260000005364418,1010176,1.0
16.0,24,0.091956189,0.0329999998211861,1010177,0.0
16.0,15,0.14026966,0.0320000015199184,1010178,0.0
16.0,15,0.099921769,0.0280000008642673,1010179,0.0
16.0,15,0.091956189,0.0260000005364418,1010180,0.0
16.0,26,0.091956189,0.0430000014603138,1010181,0.0
16.0,12,0.14026966,0.0620000027120113,1010182,1.0
16.0,14,0.099921769,0.0300000011920929,1010183,0.0
16.0,15,0.091956189,0.0260000005364418,1010184,0.0
16.0,14,0.091956189,0.025000000372529,1010185,0.0
16.0,17,0.099921769,0.0300000011920929,1010186,0.0
16.0,15,0.099921769,0.0280000008642673,1010187,1.0
16.0,15,0.091956189,0.0270000007003546,1010188,0.0
16.0,15,0.091956189,0.0270000007003546,1010189,0.0
16.0,12,0.091956189,0.0280000008642673,1010190,1.0
16.0,15,0.099921769,0.0280000008642673,1010191,0.0
16.0,15,0.091956189,0.0260000005364418,1010192,0.0
16.0,15,0.091956189,0.0270000007003546,1010193,0.0
16.0,14,0.101708092,0.0270000007003546,1010194,1.0
16.0,15,0.101708092,0.0270000007003546,1010195,1.0
16.0,14,0.101708092,0.0280000008642673,1010196,1.0
16.0,14,0.101708092,0.0280000008642673,1010197,1.0
16.0,15,0.074135484,0.0270000007003546,1010198,0.0
16.0,22,0.101708092,0.0329999998211861,1010199,1.0
16.0,21,0.101708092,0.0860000029206276,1010200,1.0
16.0,14,0.101708092,0.0380000025033951,1010201,1.0
16.0,14,0.074135484,0.0260000005364418,1010202,0.0
16.0,9,0.074135484,0.0290000010281801,1010203,1.0
16.0,20,0.101708092,0.0825000032782555,1010204,1.0
16.0,14,0.101708092,0.0500000007450581,1010205,1.0
16.0,15,0.074135484,0.0270000007003546,1010206,0.0
16.0,17,0.074135484,0.0410000011324883,1010207,1.0
16.0,15,0.101708092,0.0590000040829182,1010208,1.0
16.0,15,0.101708092,0.0329999998211861,1010209,1.0
16.0,15,0.074135484,0.0260000005364418,1010210,1.0
16.0,11,0.074135484,0.0290000010281801,1010211,1.0
16.0,14,0.101708092,0.0380000025033951,1010212,1.0
16.0,14,0.074135484,0.0329999998211861,1010213,1.0
16.0,15,0.074135484,0.0260000005364418,1010214,1.0
16.0,18,0.074135484,0.0280000008642673,1010215,1.0
16.0,15,0.074135484,0.109000004827976,1010216,2.0
16.0,14,0.074135484,0.0350000001490116,1010217,1.0
16.0,14,0.074135484,0.0270000007003546,1010218,1.0
16.0,18,0.074135484,0.0300000011920929,1010219,1.0
16.0,16,0.074135484,0.0910000056028366,1010220,2.0
16.0,15,0.074135484,0.0350000001490116,1010221,1.0
16.0,15,0.074135484,0.0270000007003546,1010222,1.0
16.0,33,0.074135484,0.0290000010281801,1010223,1.0
16.0,29,0.074135484,0.144500017166138,1010224,3.0
16.0,14,0.074135484,0.034000001847744,1010225,1.0
16.0,14,0.074135484,0.0260000005364418,1010226,1.0
16.0,30,0.074135484,0.0310000013560057,1010227,1.0
16.0,16,0.074135484,0.0920000076293945,1010228,2.0
16.0,15,0.074135484,0.0310000013560057,1010229,1.0
16.0,13,0.074135484,0.025000000372529,1010230,1.0
16.0,26,0.074135484,0.0425000041723251,1010231,1.0
16.0,18,0.074135484,0.063000001013279,1010232,2.0
16.0,15,0.074135484,0.0290000010281801,1010233,1.0
16.0,16,0.074135484,0.0270000007003546,1010234,1.0
16.0,25,0.074135484,0.0450000017881393,1010235,1.0
16.0,17,0.074135484,0.0440000034868717,1010236,1.0
16.0,22,0.074135484,0.0920000076293945,1010237,2.0
16.0,14,0.074135484,0.0320000015199184,1010238,1.0
16.0,14,0.074135484,0.0260000005364418,1010239,1.0
16.0,15,0.074135484,0.0260000005364418,1010240,1.0
16.0,12,0.074135484,0.0270000007003546,1010241,1.0
16.0,13,0.074135484,0.0290000010281801,1010242,1.0
16.0,14,0.074135484,0.0280000008642673,1010243,1.0
16.0,15,0.074135484,0.0260000005364418,1010244,1.0
16.0,14,0.074135484,0.0260000005364418,1010245,1.0
16.0,14,0.116281402,0.0270000007003546,1010246,0.0
16.0,14,0.116281402,0.0290000010281801,1010247,0.0
16.0,15,0.093945558,0.0260000005364418,1010248,0.0
16.0,15,0.093945558,0.0260000005364418,1010249,0.0
16.0,14,0.093945558,0.0270000007003546,1010250,0.0
16.0,16,0.116281402,0.0410000011324883,1010251,0.0
16.0,15,0.116281402,0.0300000011920929,1010252,1.0
16.0,15,0.093945558,0.0270000007003546,1010253,0.0
16.0,6,0.093945558,0.0280000008642673,1010254,1.0
16.0,43,0.093945558,0.0470000021159649,1010255,1.0
16.0,14,0.116281402,0.0290000010281801,1010256,1.0
16.0,15,0.116281402,0.0280000008642673,1010257,1.0
16.0,17,0.093945558,0.0260000005364418,1010258,0.0
16.0,13,0.093945558,0.0300000011920929,1010259,1.0
16.0,15,0.116281402,0.0290000010281801,1010260,1.0
16.0,15,0.116281402,0.0280000008642673,1010261,1.0
16.0,12,0.093945558,0.0300000011920929,1010262,1.0
16.0,123,0.093945558,0.0900000035762787,1010263,3.0
16.0,9,0.102833159,0.0320000015199184,1010264,1.0
16.0,15,0.102833159,0.0280000008642673,1010265,1.0
16.0,14,0.093945558,0.0280000008642673,1010266,0.0
16.0,22,0.093945558,0.034000001847744,1010267,0.0
16.0,22,0.102833159,0.0310000013560057,1010268,1.0
16.0,15,0.102833159,0.0300000011920929,1010269,1.0
16.0,14,0.093945558,0.0280000008642673,1010270,0.0
16.0,12,0.093945558,0.0320000015199184,1010271,1.0
16.0,17,0.102833159,0.0329999998211861,1010272,1.0
16.0,15,0.097811773,0.0290000010281801,1010273,1.0
16.0,14,0.093945558,0.0280000008642673,1010274,0.0
16.0,20,0.093945558,0.0320000015199184,1010275,0.0
16.0,23,0.097811773,0.0420000031590462,1010276,1.0
16.0,14,0.097811773,0.0290000010281801,1010277,1.0
16.0,14,0.093945558,0.0280000008642673,1010278,0.0
16.0,18,0.093945558,0.0310000013560057,1010279,1.0
16.0,46,0.097811773,0.0710000023245811,1010280,2.0
16.0,12,0.097811773,0.0300000011920929,1010281,1.0
16.0,13,0.093945558,0.0280000008642673,1010282,1.0
16.0,15,0.093945558,0.0329999998211861,1010283,1.0
16.0,25,0.097811773,0.25900000333786,1010284,2.0
16.0,12,0.097811773,0.034000001847744,1010285,1.0
16.0,14,0.097811773,0.0290000010281801,1010286,1.0
16.0,13,0.093945558,0.0270000007003546,1010287,1.0
16.0,17,0.093945558,0.0290000010281801,1010288,1.0
16.0,12,0.097811773,0.242000013589859,1010289,2.0
16.0,24,0.097811773,0.168000012636185,1010290,2.0
16.0,14,0.097811773,0.034000001847744,1010291,1.0
16.0,14,0.097811773,0.0290000010281801,1010292,1.0
16.0,14,0.093945558,0.0270000007003546,1010293,1.0
16.0,18,0.093945558,0.0290000010281801,1010294,1.0
16.0,98,0.097811773,0.267500013113022,1010295,4.0
16.0,15,0.097811773,0.0600000023841858,1010296,1.0
16.0,14,0.097811773,0.0320000015199184,1010297,1.0
16.0,15,0.093945558,0.0280000008642673,1010298,1.0
16.0,94,0.093945558,0.120000004768372,1010299,3.0
16.0,33,0.208927426,0.129000008106232,1010300,2.0
16.0,15,0.097811773,0.0390000008046627,1010301,1.0
16.0,13,0.208927426,0.0230000019073486,1010302,1.0
16.0,61,0.208927426,0.137000009417534,1010303,2.0
16.0,12,0.208927426,0.0410000011324883,1010304,1.0
16.0,15,0.208927426,0.0300000011920929,1010305,1.0
16.0,13,0.208927426,0.0270000007003546,1010306,1.0
16.0,14,0.208927426,0.0280000008642673,1010307,1.0
16.0,15,0.055451482,0.0280000008642673,1010308,2.0
16.0,15,0.055451482,0.0270000007003546,1010309,2.0
16.0,13,0.055451482,0.0350000001490116,1010310,2.0
16.0,15,0.055451482,0.0320000015199184,1010311,2.0
16.0,15,0.055451482,0.0270000007003546,1010312,2.0
16.0,19,0.055451482,0.0290000010281801,1010313,2.0
16.0,12,0.055451482,0.0360000021755695,1010314,2.0
16.0,14,0.055451482,0.0320000015199184,1010315,2.0
16.0,15,0.055451482,0.0260000005364418,1010316,2.0
16.0,19,0.055451482,0.0490000024437904,1010317,2.0
16.0,24,0.155352209,0.0350000001490116,1010318,1.0
16.0,15,0.155352209,0.0310000013560057,1010319,1.0
16.0,15,0.186413619,0.0270000007003546,1010320,0.0
16.0,21,0.186413619,0.0360000021755695,1010321,0.0
16.0,20,0.155352209,0.0320000015199184,1010322,1.0
16.0,15,0.155352209,0.0290000010281801,1010323,1.0
16.0,14,0.22405832,0.0260000005364418,1010324,0.0
16.0,15,0.22405832,0.0270000007003546,1010325,0.0
16.0,15,0.186413619,0.0270000007003546,1010326,0.0
16.0,16,0.186413619,0.034000001847744,1010327,1.0
16.0,14,0.155352209,0.0300000011920929,1010328,1.0
16.0,15,0.155352209,0.0280000008642673,1010329,1.0
16.0,15,0.22405832,0.0260000005364418,1010330,0.0
16.0,14,0.22405832,0.0260000005364418,1010331,0.0
16.0,13,0.22405832,0.0270000007003546,1010332,0.0
16.0,14,0.090541479,0.0290000010281801,1010333,0.0
16.0,15,0.090541479,0.0290000010281801,1010334,0.0
16.0,15,0.186413619,0.0280000008642673,1010335,0.0
16.0,13,0.186413619,0.0450000017881393,1010336,1.0
16.0,13,0.155352209,0.0290000010281801,1010337,1.0
16.0,15,0.155352209,0.0280000008642673,1010338,1.0
16.0,15,0.22405832,0.025000000372529,1010339,0.0
16.0,14,0.22405832,0.025000000372529,1010340,0.0
16.0,12,0.22405832,0.025000000372529,1010341,0.0
16.0,15,0.090541479,0.0300000011920929,1010342,1.0
16.0,15,0.186413619,0.0290000010281801,1010343,0.0
16.0,53,0.186413619,1.00499999523163,1010344,2.0
16.0,14,0.155352209,0.0290000010281801,1010345,1.0
16.0,15,0.155352209,0.0280000008642673,1010346,1.0
16.0,15,0.22405832,0.0260000005364418,1010347,0.0
16.0,17,0.22405832,0.025000000372529,1010348,0.0
16.0,14,0.090541479,0.0310000013560057,1010349,1.0
16.0,14,0.186413619,0.0300000011920929,1010350,0.0
16.0,18,0.155352209,0.0320000015199184,1010351,1.0
16.0,15,0.155352209,0.0280000008642673,1010352,1.0
16.0,15,0.22405832,0.0260000005364418,1010353,0.0
16.0,29,0.22405832,0.0260000005364418,1010354,1.0
16.0,14,0.090541479,0.0310000013560057,1010355,1.0
16.0,10,0.186413619,0.0329999998211861,1010356,1.0
16.0,14,0.131557121,0.0440000034868717,1010357,1.0
16.0,14,0.131557121,0.0300000011920929,1010358,1.0
16.0,14,0.22405832,0.0260000005364418,1010359,0.0
16.0,16,0.22405832,0.0280000008642673,1010360,0.0
16.0,11,0.090541479,0.0329999998211861,1010361,1.0
16.0,14,0.090541479,0.0310000013560057,1010362,1.0
16.0,14,0.186413619,0.0380000025033951,1010363,1.0
16.0,14,0.131557121,0.0450000017881393,1010364,1.0
16.0,15,0.131557121,0.0290000010281801,1010365,1.0
16.0,15,0.22405832,0.0260000005364418,1010366,0.0
16.0,15,0.22405832,0.0280000008642673,1010367,0.0
16.0,11,0.090541479,0.0430000014603138,1010368,1.0
16.0,15,0.090541479,0.0320000015199184,1010369,1.0
16.0,14,0.186413619,0.0320000015199184,1010370,1.0
16.0,13,0.186413619,0.034000001847744,1010371,1.0
16.0,15,0.131557121,0.0450000017881393,1010372,1.0
16.0,15,0.131557121,0.0290000010281801,1010373,1.0
16.0,15,0.236413861,0.0260000005364418,1010374,0.0
16.0,15,0.22405832,0.0270000007003546,1010375,0.0
16.0,11,0.22405832,0.0290000010281801,1010376,0.0
16.0,12,0.22405832,0.0300000011920929,1010377,1.0
16.0,14,0.22405832,0.0300000011920929,1010378,1.0
16.0,15,0.056574144,0.0310000013560057,1010379,2.0
16.0,14,0.056574144,0.0310000013560057,1010380,1.0
16.0,14,0.186413619,0.0320000015199184,1010381,1.0
16.0,21,0.186413619,0.138000011444092,1010382,2.0
16.0,13,0.131557121,0.0480000004172325,1010383,1.0
16.0,15,0.131557121,0.0290000010281801,1010384,1.0
16.0,15,0.236413861,0.0260000005364418,1010385,0.0
16.0,14,0.236413861,0.025000000372529,1010386,0.0
16.0,15,0.236413861,0.0270000007003546,1010387,0.0
16.0,15,0.22405832,0.0270000007003546,1010388,0.0
16.0,15,0.056574144,0.0280000008642673,1010389,1.0
16.0,15,0.056574144,0.0270000007003546,1010390,1.0
16.0,6,0.056574144,0.0280000008642673,1010391,1.0
16.0,16,0.056574144,0.0320000015199184,1010392,1.0
16.0,15,0.056574144,0.0320000015199184,1010393,1.0
16.0,13,0.186413619,0.0310000013560057,1010394,1.0
16.0,13,0.131557121,0.0320000015199184,1010395,1.0
16.0,15,0.131557121,0.0290000010281801,1010396,1.0
16.0,15,0.236413861,0.0260000005364418,1010397,0.0
16.0,13,0.236413861,0.0260000005364418,1010398,0.0
16.0,12,0.16379205,0.0280000008642673,1010399,0.0
16.0,14,0.16379205,0.0270000007003546,1010400,0.0
16.0,15,0.142222823,0.0270000007003546,1010401,0.0
16.0,14,0.056574144,0.0260000005364418,1010402,1.0
16.0,61,0.056574144,0.0550000034272671,1010403,1.0
16.0,11,0.056574144,0.034000001847744,1010404,1.0
16.0,15,0.056574144,0.0320000015199184,1010405,1.0
16.0,13,0.186413619,0.0300000011920929,1010406,1.0
16.0,15,0.131557121,0.0290000010281801,1010407,1.0
16.0,15,0.236413861,0.0260000005364418,1010408,0.0
16.0,14,0.236413861,0.025000000372529,1010409,0.0
16.0,20,0.16379205,0.0430000014603138,1010410,0.0
16.0,15,0.16379205,0.0270000007003546,1010411,0.0
16.0,15,0.142222823,0.0260000005364418,1010412,0.0
16.0,12,0.142222823,0.025000000372529,1010413,0.0
16.0,20,0.201802654,0.0450000017881393,1010414,1.0
16.0,15,0.201802654,0.0320000015199184,1010415,1.0
16.0,15,0.186413619,0.0300000011920929,1010416,1.0
16.0,14,0.236413861,0.0260000005364418,1010417,0.0
16.0,14,0.236413861,0.0260000005364418,1010418,0.0
16.0,11,0.16379205,0.0280000008642673,1010419,0.0
16.0,15,0.16379205,0.0270000007003546,1010420,0.0
16.0,14,0.142222823,0.0270000007003546,1010421,0.0
16.0,23,0.142222823,0.0280000008642673,1010422,0.0
16.0,17,0.201802654,0.0360000021755695,1010423,1.0
16.0,15,0.201802654,0.0310000013560057,1010424,1.0
16.0,14,0.236413861,0.0260000005364418,1010425,0.0
16.0,15,0.236413861,0.0270000007003546,1010426,1.0
16.0,12,0.16379205,0.0270000007003546,1010427,1.0
16.0,15,0.16379205,0.0270000007003546,1010428,1.0
16.0,14,0.1919928948672,0.0280000008642673,1010429,0.0
16.0,13,0.142222823,0.0280000008642673,1010430,1.0
16.0,46,0.142222823,0.0460000038146973,1010431,1.0
16.0,18,0.201802654,0.0420000031590462,1010432,1.0
16.0,14,0.201802654,0.0310000013560057,1010433,1.0
16.0,15,0.236413861,0.0270000007003546,1010434,1.0
16.0,15,0.142222823,0.0270000007003546,1010435,1.0
16.0,15,0.142222823,0.0280000008642673,1010436,0.0
16.0,13,0.142222823,0.0290000010281801,1010437,1.0
16.0,74,0.142222823,0.0329999998211861,1010438,1.0
16.0,57,0.142222823,0.0720000043511391,1010439,2.0
16.0,17,0.322807263,0.0690000057220459,1010440,2.0
16.0,13,0.201802654,0.034000001847744,1010441,1.0
16.0,14,0.237424497,0.0270000007003546,1010442,1.0
16.0,16,0.142222823,0.0280000008642673,1010443,0.0
16.0,29,0.322807263,0.0740000009536743,1010444,2.0
16.0,14,0.322807263,0.0320000015199184,1010445,1.0
16.0,15,0.237424497,0.0260000005364418,1010446,1.0
16.0,19,0.237424497,0.0280000008642673,1010447,1.0
16.0,34,0.322807263,0.10300000756979,1010448,2.0
16.0,15,0.322807263,0.0320000015199184,1010449,1.0
16.0,14,0.237424497,0.0260000005364418,1010450,1.0
16.0,21,0.237424497,0.0270000007003546,1010451,1.0
16.0,13,0.185684024,0.0320000015199184,1010452,1.0
16.0,15,0.185684024,0.0280000008642673,1010453,1.0
16.0,15,0.237424497,0.0260000005364418,1010454,1.0
16.0,15,0.237424497,0.025000000372529,1010455,1.0
16.0,13,0.185684024,0.0290000010281801,1010456,1.0
16.0,15,0.185684024,0.0270000007003546,1010457,1.0
16.0,15,0.237424497,0.0260000005364418,1010458,1.0
16.0,13,0.237424497,0.025000000372529,1010459,1.0
16.0,19,0.185684024,0.038500003516674,1010460,1.0
16.0,14,0.185684024,0.0270000007003546,1010461,1.0
16.0,15,0.237424497,0.0260000005364418,1010462,1.0
16.0,15,0.237424497,0.025000000372529,1010463,1.0
16.0,16,0.185684024,0.0430000014603138,1010464,1.0
16.0,15,0.185684024,0.0280000008642673,1010465,1.0
16.0,15,0.388688399,0.0280000008642673,1010466,0.0
16.0,15,0.388688399,0.0290000010281801,1010467,0.0
16.0,15,0.388688399,0.0280000008642673,1010468,0.0
16.0,14,0.237424497,0.025000000372529,1010469,1.0
16.0,20,0.237424497,0.0270000007003546,1010470,1.0
16.0,15,0.185684024,0.0329999998211861,1010471,1.0
16.0,15,0.185684024,0.0270000007003546,1010472,1.0
16.0,15,0.388688399,0.0290000010281801,1010473,0.0
16.0,14,0.388688399,0.0290000010281801,1010474,0.0
16.0,20,0.388688399,0.0300000011920929,1010475,0.0
16.0,13,0.388688399,0.0300000011920929,1010476,0.0
16.0,15,0.388688399,0.0290000010281801,1010477,0.0
16.0,15,0.237424497,0.025000000372529,1010478,1.0
16.0,14,0.237424497,0.0240000002086163,1010479,1.0
16.0,26,0.185684024,0.0380000025033951,1010480,1.0
16.0,14,0.185684024,0.0280000008642673,1010481,1.0
16.0,15,0.388688399,0.0280000008642673,1010482,0.0
16.0,15,0.388688399,0.0290000010281801,1010483,0.0
16.0,6,0.388688399,0.0290000010281801,1010484,0.0
16.0,17,0.388688399,0.0310000013560057,1010485,0.0
16.0,15,0.388688399,0.0300000011920929,1010486,0.0
16.0,14,0.237424497,0.025000000372529,1010487,1.0
16.0,18,0.237424497,0.0260000005364418,1010488,1.0
16.0,14,0.185684024,0.0280000008642673,1010489,1.0
16.0,15,0.185684024,0.0270000007003546,1010490,1.0
16.0,15,0.388688399,0.0290000010281801,1010491,0.0
16.0,15,0.388688399,0.0290000010281801,1010492,0.0
16.0,15,0.388688399,0.0290000010281801,1010493,0.0
16.0,14,0.388688399,0.0290000010281801,1010494,0.0
16.0,15,0.388688399,0.0300000011920929,1010495,0.0
16.0,15,0.388688399,0.0290000010281801,1010496,0.0
16.0,15,0.388688399,0.0290000010281801,1010497,0.0
16.0,15,0.388688399,0.0290000010281801,1010498,0.0
16.0,14,0.388688399,0.0290000010281801,1010499,0.0
16.0,14,0.388688399,0.0270000007003546,1010500,0.0
16.0,20,0.388688399,0.0280000008642673,1010501,0.0
16.0,15,0.388688399,0.0320000015199184,1010502,0.0
16.0,14,0.388688399,0.0290000010281801,1010503,0.0
16.0,15,0.388688399,0.0260000005364418,1010504,0.0
16.0,14,0.388688399,0.0260000005364418,1010505,0.0
16.0,15,0.388688399,0.0260000005364418,1010506,0.0
16.0,14,0.237424497,0.0260000005364418,1010507,1.0
16.0,22,0.199033574,0.0300000011920929,1010508,1.0
16.0,15,0.199033574,0.0290000010281801,1010509,1.0
16.0,14,0.185684024,0.0260000005364418,1010510,1.0
16.0,15,0.388688399,0.0280000008642673,1010511,0.0
16.0,13,0.388688399,0.0300000011920929,1010512,0.0
16.0,12,0.388688399,0.0290000010281801,1010513,0.0
16.0,13,0.388688399,0.0290000010281801,1010514,0.0
16.0,14,0.388688399,0.0300000011920929,1010515,0.0
16.0,15,0.388688399,0.0300000011920929,1010516,0.0
16.0,14,0.388688399,0.0300000011920929,1010517,0.0
16.0,15,0.388688399,0.0290000010281801,1010518,0.0
16.0,14,0.388688399,0.0270000007003546,1010519,0.0
16.0,17,0.388688399,0.0300000011920929,1010520,0.0
16.0,11,0.388688399,0.0380000025033951,1010521,0.0
16.0,13,0.388688399,0.0310000013560057,1010522,1.0
16.0,14,0.388688399,0.0280000008642673,1010523,0.0
16.0,14,0.388688399,0.0270000007003546,1010524,0.0
16.0,15,0.388688399,0.0270000007003546,1010525,0.0
16.0,15,0.388688399,0.0260000005364418,1010526,0.0
16.0,12,0.388688399,0.0260000005364418,1010527,0.0
16.0,13,0.388688399,0.0260000005364418,1010528,1.0
16.0,15,0.14254446,0.0270000007003546,1010529,0.0
16.0,14,0.199033574,0.0260000005364418,1010530,1.0
16.0,14,0.199033574,0.0260000005364418,1010531,1.0
16.0,15,0.388688399,0.0270000007003546,1010532,0.0
16.0,16,0.388688399,0.0290000010281801,1010533,0.0
16.0,12,0.388688399,0.0310000013560057,1010534,0.0
16.0,15,0.388688399,0.0280000008642673,1010535,0.0
16.0,10,0.388688399,0.0270000007003546,1010536,0.0
16.0,12,0.14254446,0.0270000007003546,1010537,0.0
16.0,15,0.14254446,0.0270000007003546,1010538,0.0
16.0,14,0.388688399,0.0270000007003546,1010539,0.0
16.0,14,0.388688399,0.0280000008642673,1010540,0.0
16.0,15,0.14254446,0.0270000007003546,1010541,0.0
16.0,15,0.14254446,0.0260000005364418,1010542,0.0
16.0,15,0.388688399,0.0270000007003546,1010543,0.0
16.0,13,0.388688399,0.0280000008642673,1010544,1.0
16.0,13,0.14254446,0.0260000005364418,1010545,0.0
16.0,15,0.14254446,0.0260000005364418,1010546,0.0
16.0,15,0.388688399,0.0270000007003546,1010547,0.0
16.0,13,0.388688399,0.0260000005364418,1010548,1.0
16.0,15,0.14254446,0.0329999998211861,1010549,1.0
16.0,15,0.14254446,0.0260000005364418,1010550,0.0
16.0,14,0.388688399,0.0260000005364418,1010551,0.0
16.0,31,0.388688399,0.0260000005364418,1010552,1.0
16.0,17,0.14254446,0.0460000038146973,1010553,1.0
16.0,15,0.14254446,0.0260000005364418,1010554,1.0
16.0,15,0.388688399,0.025000000372529,1010555,1.0
16.0,11,0.37835951,0.0240000002086163,1010556,1.0
16.0,14,0.14254446,0.0290000010281801,1010557,1.0
16.0,14,0.14254446,0.0260000005364418,1010558,0.0
16.0,15,0.37835951,0.025000000372529,1010559,1.0
16.0,13,0.37835951,0.025000000372529,1010560,1.0
16.0,16,0.14254446,0.0380000025033951,1010561,1.0
16.0,15,0.14254446,0.0280000008642673,1010562,1.0
16.0,15,0.37835951,0.025000000372529,1010563,1.0
16.0,12,0.37835951,0.025000000372529,1010564,1.0
16.0,15,0.37835951,0.025000000372529,1010565,1.0
16.0,20,0.14254446,0.0310000013560057,1010566,1.0
16.0,14,0.14254446,0.0270000007003546,1010567,1.0
16.0,15,0.37835951,0.025000000372529,1010568,1.0
16.0,15,0.37835951,0.025000000372529,1010569,1.0
16.0,20,0.37835951,0.0240000002086163,1010570,1.0
16.0,16,0.14254446,0.0280000008642673,1010571,1.0
16.0,15,0.14254446,0.0260000005364418,1010572,1.0
16.0,14,0.37835951,0.025000000372529,1010573,1.0
16.0,20,0.37835951,0.0280000008642673,1010574,1.0
16.0,12,0.14254446,0.0270000007003546,1010575,1.0
16.0,14,0.14254446,0.0260000005364418,1010576,1.0
16.0,15,0.37835951,0.025000000372529,1010577,1.0
16.0,13,0.37835951,0.0270000007003546,1010578,1.0
16.0,20,0.14254446,0.0310000013560057,1010579,1.0
16.0,15,0.14254446,0.0260000005364418,1010580,1.0
16.0,15,0.37835951,0.0260000005364418,1010581,1.0
16.0,11,0.37835951,0.0290000010281801,1010582,1.0
16.0,21,0.14254446,0.0360000021755695,1010583,1.0
16.0,14,0.14254446,0.0270000007003546,1010584,1.0
16.0,15,0.37835951,0.0260000005364418,1010585,1.0
16.0,15,0.37835951,0.0270000007003546,1010586,1.0
16.0,21,0.14254446,0.0300000011920929,1010587,1.0
16.0,15,0.14254446,0.0260000005364418,1010588,1.0
16.0,15,0.37835951,0.0260000005364418,1010589,1.0
16.0,14,0.37835951,0.0270000007003546,1010590,1.0
16.0,15,0.14254446,0.0360000021755695,1010591,1.0
16.0,13,0.14254446,0.0260000005364418,1010592,1.0
16.0,15,0.37835951,0.0260000005364418,1010593,1.0
16.0,15,0.37835951,0.0270000007003546,1010594,1.0
16.0,13,0.14254446,0.0270000007003546,1010595,1.0
16.0,15,0.14254446,0.0260000005364418,1010596,1.0
16.0,15,0.37835951,0.0260000005364418,1010597,1.0
16.0,15,0.37835951,0.0329999998211861,1010598,1.0
16.0,13,0.14254446,0.0290000010281801,1010599,1.0
16.0,15,0.14254446,0.0260000005364418,1010600,1.0
16.0,15,0.37835951,0.0260000005364418,1010601,1.0
16.0,13,0.37835951,0.0280000008642673,1010602,1.0
16.0,146,0.209105615,0.328000009059906,1010603,3.0
16.0,19,0.209105615,0.0530000030994415,1010604,1.0
16.0,22,0.209105615,0.0360000021755695,1010605,1.0
16.0,13,0.209105615,0.0290000010281801,1010606,1.0
16.0,15,0.14254446,0.0270000007003546,1010607,1.0
16.0,15,0.37835951,0.0270000007003546,1010608,1.0
16.0,15,0.37835951,0.0360000021755695,1010609,1.0
16.0,50,0.209105615,0.0800000056624413,1010610,2.0
16.0,14,0.209105615,0.0370000004768372,1010611,1.0
16.0,15,0.209105615,0.0310000013560057,1010612,1.0
16.0,15,0.209105615,0.0270000007003546,1010613,1.0
16.0,14,0.37835951,0.0260000005364418,1010614,1.0
16.0,14,0.209105615,0.0270000007003546,1010615,1.0
16.0,15,0.209105615,0.0370000004768372,1010616,1.0
16.0,15,0.209105615,0.0260000005364418,1010617,1.0
16.0,13,0.209105615,0.0260000005364418,1010618,1.0
16.0,13,0.209105615,0.0320000015199184,1010619,1.0
16.0,15,0.209105615,0.0300000011920929,1010620,1.0
16.0,15,0.209105615,0.025000000372529,1010621,1.0
16.0,16,0.209105615,0.0270000007003546,1010622,1.0
16.0,14,0.209105615,0.0300000011920929,1010623,1.0
16.0,15,0.209105615,0.0300000011920929,1010624,1.0
16.0,15,0.209105615,0.0260000005364418,1010625,1.0
16.0,16,0.209105615,0.0310000013560057,1010626,1.0
16.0,16,0.209105615,0.0460000038146973,1010627,1.0
16.0,15,0.209105615,0.0290000010281801,1010628,1.0
16.0,14,0.209105615,0.0270000007003546,1010629,1.0
16.0,14,0.209105615,0.0280000008642673,1010630,1.0
13.0,16,0.289688649,0.025000000372529,1020001,0.0
13.0,10,0.289688649,0.0220000017434359,1020002,0.0
13.0,12,0.289688649,0.025000000372529,1020003,0.0
13.0,17,0.289688649,0.0240000002086163,1020004,0.0
13.0,38,0.289688649,0.025000000372529,1020005,0.0
13.0,14,0.289688649,0.0270000007003546,1020006,0.0
13.0,8,0.200683888,0.025000000372529,1020007,0.0
13.0,56,0.289688649,0.0280000008642673,1020008,0.0
13.0,14,0.200683888,0.0220000017434359,1020009,0.0
13.0,105,0.289688649,0.100000001490116,1020010,2.0
13.0,20,0.289688649,0.0240000002086163,1020011,0.0
13.0,16,0.200683888,0.0210000015795231,1020012,0.0
13.0,6,0.200683888,0.0210000015795231,1020013,0.0
13.0,27,0.200683888,0.0300000011920929,1020014,0.0
13.0,33,0.200683888,0.063000001013279,1020015,0.0
13.0,251,0.289688649,1.58100008964539,1020016,2.0
13.0,6,0.289688649,0.0260000005364418,1020017,0.0
13.0,14,0.289688649,0.0230000019073486,1020018,0.0
13.0,15,0.200683888,0.0200000014156103,1020019,0.0
13.0,95,0.200683888,0.0200000014156103,1020020,0.0
13.0,207,0.200683888,0.0230000019073486,1020021,0.0
13.0,89,0.308697622574468,0.0640000030398369,1020022,1.0
13.0,17,0.289688649,0.0270000007003546,1020023,0.0
13.0,13,0.289688649,0.025000000372529,1020024,0.0
13.0,14,0.289688649,0.0240000002086163,1020025,0.0
13.0,16,0.200683888,0.0200000014156103,1020026,0.0
13.0,47,0.200683888,0.0190000012516975,1020027,0.0
13.0,41,0.200683888,0.0640000030398369,1020028,1.0
13.0,14,0.200683888,0.0230000019073486,1020029,0.0
14.5,15,0.255397642,0.0240000002086163,1020030,0.0
14.5,15,0.255397642,0.0240000002086163,1020031,0.0
13.0,15,0.200683888,0.0200000014156103,1020032,0.0
13.0,83,0.200683888,0.0200000014156103,1020033,0.0
13.0,123,0.308697622574468,0.0180000010877848,1020034,1.0
13.0,19,0.200683888,0.0200000014156103,1020035,0.0
13.0,13,0.200683888,0.0220000017434359,1020036,0.0
14.5,15,0.255397642,0.0230000019073486,1020037,0.0
14.5,14,0.255397642,0.0240000002086163,1020038,0.0
13.0,15,0.200683888,0.0200000014156103,1020039,0.0
13.0,12,0.200683888,0.0210000015795231,1020040,0.0
13.0,16,0.200683888,0.0220000017434359,1020041,0.0
13.0,15,0.412967643,0.0210000015795231,1020042,0.0
13.0,36,0.412967643,0.0210000015795231,1020043,0.0
13.0,5,0.412967643,0.0220000017434359,1020044,0.0
13.0,14,0.412967643,0.0200000014156103,1020045,0.0
13.0,19,0.412967643,0.0180000010877848,1020046,0.0
13.0,16,0.412967643,0.0220000017434359,1020047,0.0
14.5,15,0.443976272,0.0240000002086163,1020048,0.0
14.5,15,0.443976272,0.0230000019073486,1020049,0.0
14.5,15,0.443976272,0.0240000002086163,1020050,0.0
13.0,16,0.412967643,0.0200000014156103,1020051,0.0
13.0,43,0.412967643,0.017000000923872,1020052,1.0
13.0,14,0.412967643,0.0200000014156103,1020053,0.0
14.5,15,0.443976272,0.0230000019073486,1020054,0.0
14.5,15,0.443976272,0.0320000015199184,1020055,0.0
14.5,15,0.443976272,0.0230000019073486,1020056,0.0
13.0,18,0.412967643,0.0210000015795231,1020057,0.0
13.0,11,0.412967643,0.0190000012516975,1020058,0.0
13.0,35,0.412967643,0.0200000014156103,1020059,0.0
13.0,13,0.412967643,0.0200000014156103,1020060,0.0
14.5,14,0.443976272,0.0230000019073486,1020061,0.0
14.5,14,0.443976272,0.0230000019073486,1020062,0.0
14.5,15,0.443976272,0.0240000002086163,1020063,0.0
13.0,14,0.412967643,0.0210000015795231,1020064,0.0
13.0,11,0.412967643,0.0210000015795231,1020065,0.0
13.0,16,0.412967643,0.0210000015795231,1020066,0.0
14.5,15,0.312429793,0.0220000017434359,1020067,0.0
14.5,14,0.312429793,0.0240000002086163,1020068,0.0
14.5,15,0.312429793,0.0210000015795231,1020069,0.0
14.5,15,0.312429793,0.0230000019073486,1020070,0.0
13.0,17,0.412866192,0.0220000017434359,1020071,0.0
13.0,16,0.412866192,0.0230000019073486,1020072,0.0
13.0,14,0.412866192,0.0220000017434359,1020073,0.0
13.0,19,0.412866192,0.0220000017434359,1020074,0.0
13.0,6,0.27859918,0.0200000014156103,1020075,0.0
13.0,22,0.27859918,0.0210000015795231,1020076,0.0
13.0,9,0.27859918,0.0230000019073486,1020077,0.0
13.0,13,0.27859918,0.0230000019073486,1020078,0.0
13.0,14,0.412866192,0.0230000019073486,1020079,0.0
13.0,9,0.27859918,0.0210000015795231,1020080,0.0
13.0,57,0.27859918,0.0640000030398369,1020081,1.0
13.0,12,0.27859918,0.0220000017434359,1020082,0.0
13.0,14,0.27859918,0.0230000019073486,1020083,0.0
13.0,15,0.222224847,0.0230000019073486,1020084,0.0
13.0,13,0.222224847,0.0260000005364418,1020085,0.0
13.0,14,0.308697622574468,0.0230000019073486,1020086,0.0
13.0,13,0.308697622574468,0.0230000019073486,1020087,0.0
14.5,13,0.323202834,0.0220000017434359,1020088,0.0
14.5,12,0.323202834,0.0200000014156103,1020089,1.0
14.5,13,0.323202834,0.0230000019073486,1020090,0.0
13.0,18,0.27859918,0.0230000019073486,1020091,0.0
13.0,20,0.27859918,0.0210000015795231,1020092,0.0
13.0,20,0.27859918,0.0210000015795231,1020093,0.0
13.0,23,0.222224847,0.0220000017434359,1020094,0.0
13.0,2,0.222224847,0.0230000019073486,1020095,0.0
13.0,29,0.222224847,0.025000000372529,1020096,0.0
13.0,24,0.222224847,0.0300000011920929,1020097,0.0
13.0,13,0.222224847,0.0270000007003546,1020098,0.0
13.0,24,0.308697622574468,0.0220000017434359,1020099,0.0
13.0,15,0.308697622574468,0.0220000017434359,1020100,0.0
14.5,15,0.338815817,0.0240000002086163,1020101,0.0
14.5,13,0.338815817,0.0230000019073486,1020102,0.0
14.5,14,0.338815817,0.0240000002086163,1020103,0.0
14.5,20,0.323202834,0.0230000019073486,1020104,0.0
14.5,23,0.323202834,0.0640000030398369,1020105,0.0
14.5,18,0.323202834,0.0230000019073486,1020106,0.0
13.0,2,0.222224847,0.0220000017434359,1020107,0.0
13.0,145,0.222224847,0.10300000756979,1020108,2.0
13.0,9,0.222224847,0.0280000008642673,1020109,0.0
13.0,21,0.308697622574468,0.0230000019073486,1020110,0.0
13.0,14,0.308697622574468,0.0210000015795231,1020111,0.0
14.5,13,0.338815817,0.0230000019073486,1020112,0.0
14.5,23,0.338815817,0.0240000002086163,1020113,0.0
14.5,11,0.338815817,0.0230000019073486,1020114,1.0
14.5,14,0.338815817,0.0240000002086163,1020115,0.0
14.5,12,0.323202834,0.0230000019073486,1020116,0.0
14.5,13,0.323202834,0.0230000019073486,1020117,0.0
14.5,12,0.323202834,0.0230000019073486,1020118,0.0
13.0,15,0.222224847,0.0220000017434359,1020119,0.0
13.0,0,0.222224847,0.0210000015795231,1020120,0.0
13.0,43,0.222224847,0.0260000005364418,1020121,0.0
13.0,14,0.222224847,0.0240000002086163,1020122,0.0
13.0,19,0.343187156,0.0220000017434359,1020123,0.0
13.0,15,0.343187156,0.0230000019073486,1020124,0.0
14.5,15,0.338815817,0.0230000019073486,1020125,0.0
14.5,11,0.338815817,0.0230000019073486,1020126,0.0
14.5,17,0.338815817,0.0230000019073486,1020127,0.0
13.0,15,0.222224847,0.0220000017434359,1020128,0.0
13.0,8,0.222224847,0.0210000015795231,1020129,0.0
13.0,14,0.222224847,0.0210000015795231,1020130,0.0
13.0,18,0.222224847,0.0270000007003546,1020131,0.0
13.0,12,0.222224847,0.0240000002086163,1020132,0.0
13.0,14,0.343187156,0.0220000017434359,1020133,0.0
13.0,16,0.343187156,0.0230000019073486,1020134,0.0
13.0,15,0.343187156,0.0230000019073486,1020135,0.0
13.0,15,0.343187156,0.0230000019073486,1020136,0.0
14.5,15,0.416795718,0.0230000019073486,1020137,0.0
14.5,18,0.416795718,0.0230000019073486,1020138,0.0
14.5,20,0.303868383,0.0220000017434359,1020139,0.0
14.5,19,0.303868383,0.0210000015795231,1020140,0.0
14.5,14,0.338815817,0.0240000002086163,1020141,0.0
14.5,12,0.338815817,0.0230000019073486,1020142,0.0
14.5,14,0.338815817,0.0240000002086163,1020143,0.0
13.0,15,0.343187156,0.0220000017434359,1020144,0.0
13.0,15,0.343187156,0.0230000019073486,1020145,0.0
14.5,16,0.416795718,0.0230000019073486,1020146,0.0
14.5,16,0.416795718,0.0230000019073486,1020147,0.0
14.5,14,0.303868383,0.0230000019073486,1020148,0.0
14.5,16,0.303868383,0.0230000019073486,1020149,0.0
13.0,15,0.308697622574468,0.0230000019073486,1020150,0.0
13.0,16,0.308697622574468,0.0230000019073486,1020151,0.0
13.0,16,0.308697622574468,0.0230000019073486,1020152,0.0
13.0,15,0.308697622574468,0.0220000017434359,1020153,0.0
13.0,20,0.308697622574468,0.0230000019073486,1020154,0.0
13.0,15,0.308697622574468,0.0220000017434359,1020155,0.0
13.5,14,0.323602438,0.0240000002086163,1030001,0.0
13.5,15,0.323602438,0.0240000002086163,1030002,0.0
13.5,15,0.323602438,0.0240000002086163,1030003,0.0
13.5,14,0.323602438,0.0240000002086163,1030004,0.0
13.5,15,0.323602438,0.0240000002086163,1030005,0.0
13.5,14,0.323602438,0.0240000002086163,1030006,0.0
13.5,15,0.489266219,0.0280000008642673,1030007,1.0
13.5,14,0.489266219,0.0290000010281801,1030008,1.0
13.5,14,0.47369867,0.0270000007003546,1030009,0.0
13.5,14,0.489266219,0.0280000008642673,1030010,0.0
13.5,14,0.47369867,0.025000000372529,1030011,0.0
13.5,15,0.489266219,0.0290000010281801,1030012,1.0
13.5,15,0.47369867,0.0270000007003546,1030013,1.0
13.5,13,0.418213368,0.0300000011920929,1030014,0.0
13.5,35,0.418213368,0.0640000030398369,1030015,1.0
13.5,13,0.47369867,0.0270000007003546,1030016,1.0
13.5,15,0.47369867,0.0270000007003546,1030017,1.0
13.5,15,0.418213368,0.0270000007003546,1030018,0.0
13.5,11,0.418213368,0.0360000021755695,1030019,0.0
13.5,24,0.535143494727273,0.14750000834465,1030020,1.0
13.5,14,0.436371401,0.0300000011920929,1030021,0.0
13.5,15,0.418213368,0.0300000011920929,1030022,0.0
13.5,19,0.418213368,0.0640000030398369,1030023,0.0
13.5,13,0.436371401,0.0280000008642673,1030024,0.0
13.5,15,0.418213368,0.0280000008642673,1030025,0.0
13.5,19,0.418213368,0.0420000031590462,1030026,0.0
13.5,14,0.436371401,0.0300000011920929,1030027,0.0
13.5,14,0.203418286,0.0274999998509884,1030028,0.0
13.5,15,0.436371401,0.0270000007003546,1030029,0.0
13.5,15,0.771424701,0.0240000002086163,1030030,0.0
13.5,14,0.771424701,0.025000000372529,1030031,0.0
13.5,14,0.771424701,0.0240000002086163,1030032,0.0
13.5,21,0.771424701,0.025000000372529,1030033,1.0
13.5,15,0.771424701,0.025000000372529,1030034,0.0
13.5,15,0.771424701,0.025000000372529,1030035,0.0
13.5,16,0.771424701,0.0450000017881393,1030036,1.0
13.5,15,0.771424701,0.025000000372529,1030037,0.0
13.5,15,0.771424701,0.0240000002086163,1030038,0.0
13.5,15,0.771424701,0.025000000372529,1030039,0.0
13.5,15,0.771424701,0.025000000372529,1030040,0.0
13.5,15,0.771424701,0.0240000002086163,1030041,0.0
13.5,14,0.61282549,0.0240000002086163,1030042,0.0
13.5,20,0.61282549,0.0240000002086163,1030043,1.0
13.5,14,0.61282549,0.025000000372529,1030044,0.0
13.5,18,0.61282549,0.025000000372529,1030045,1.0
13.5,15,0.61282549,0.0230000019073486,1030046,0.0
13.5,13,0.61282549,0.0240000002086163,1030047,1.0
13.5,23,0.61282549,0.0270000007003546,1030048,0.0
13.5,14,0.61282549,0.0240000002086163,1030049,0.0
13.5,15,0.61282549,0.0240000002086163,1030050,0.0
13.5,14,0.61282549,0.0230000019073486,1030051,0.0
13.5,14,0.61282549,0.0240000002086163,1030052,0.0
13.5,15,0.46823293,0.0240000002086163,1030053,0.0
13.5,15,0.46823293,0.0280000008642673,1030054,0.0
13.5,15,0.46823293,0.0230000019073486,1030055,0.0
13.5,14,0.46823293,0.0230000019073486,1030056,0.0
14.5,14,0.266201169,0.0240000002086163,1040001,0.0
14.5,15,0.266201169,0.0260000005364418,1040002,0.0
14.5,13,0.266201169,0.0270000007003546,1040003,0.0
14.5,19,0.266201169,0.034000001847744,1040004,0.0
14.5,15,0.266201169,0.0240000002086163,1040005,0.0
14.5,13,0.266201169,0.0240000002086163,1040006,0.0
12.0,15,0.374829206,0.0440000034868717,1050001,0.0
12.0,15,0.374829206,0.0450000017881393,1050002,0.0
12.0,15,0.374829206,0.0440000034868717,1050003,0.0
12.0,15,0.374829206,0.0470000021159649,1050004,0.0
12.0,15,0.374829206,0.0430000014603138,1050005,0.0
12.0,15,0.374829206,0.0430000014603138,1050006,0.0
18.5,15,0.649350142,0.0450000017881393,1050007,1.0
18.5,15,0.649350142,0.0450000017881393,1050008,1.0
18.5,15,0.649350142,0.0460000038146973,1050009,1.0
18.5,14,0.649350142,0.0450000017881393,1050010,1.0
18.5,14,0.649350142,0.0440000034868717,1050011,1.0
18.5,15,0.649350142,0.0440000034868717,1050012,1.0
12.5,14,0.318436646,0.034000001847744,1050013,0.0
12.5,15,0.318436646,0.034000001847744,1050014,0.0
12.5,14,0.318436646,0.0400000028312206,1050015,0.0
12.5,15,0.318436646,0.0370000004768372,1050016,0.0
12.5,15,0.318436646,0.0360000021755695,1050017,0.0
12.5,15,0.318436646,0.0620000027120113,1050018,0.0
12.5,15,0.318436646,0.034000001847744,1050019,0.0
12.5,15,0.318436646,0.034000001847744,1050020,0.0
12.5,15,0.318436646,0.0400000028312206,1050021,0.0
12.0,15,0.245438851,0.0370000004768372,1050022,0.0
12.0,15,0.245438851,0.0370000004768372,1050023,0.0
12.0,14,0.245438851,0.126000002026558,1050024,0.0
12.0,15,0.245438851,0.0400000028312206,1050025,0.0
12.0,15,0.245438851,0.0450000017881393,1050026,0.0
12.0,14,0.245438851,0.0400000028312206,1050027,0.0
12.0,14,0.245438851,0.0740000009536743,1050028,0.0
12.0,14,0.245438851,0.0380000025033951,1050029,0.0
12.0,15,0.245438851,0.0370000004768372,1050030,0.0
18.5,14,0.342209431,0.0480000004172325,1050031,2.0
18.5,15,0.342209431,0.0530000030994415,1050032,2.0
11.0,14,0.478020847,0.025000000372529,1060001,0.0
11.0,15,0.478020847,0.0290000010281801,1060002,0.0
11.0,15,0.478020847,0.0320000015199184,1060003,0.0
11.0,15,0.478020847,0.0280000008642673,1060004,0.0
11.0,15,0.478020847,0.0260000005364418,1060005,0.0
11.0,15,0.478020847,0.025000000372529,1060006,0.0
11.0,15,0.478020847,0.0280000008642673,1060007,0.0
11.0,14,0.478020847,0.0840000063180923,1060008,0.0
11.0,15,0.478020847,0.0400000028312206,1060009,0.0
11.0,14,0.478020847,0.0270000007003546,1060010,0.0
11.0,15,0.478020847,0.0240000002086163,1060011,0.0
11.0,14,0.478020847,0.0270000007003546,1060012,0.0
11.0,14,0.478020847,0.0760000050067902,1060013,0.0
11.0,15,0.478020847,0.0820000022649765,1060014,0.0
11.0,15,0.478020847,0.0270000007003546,1060015,0.0
11.0,15,0.478020847,0.0280000008642673,1060016,0.0
11.0,15,0.478020847,0.0400000028312206,1060017,0.0
11.0,14,0.478020847,0.0390000008046627,1060018,0.0
11.0,15,0.478020847,0.0260000005364418,1060019,0.0
11.0,14,0.478020847,0.0220000017434359,1060020,0.0
11.0,15,0.478020847,0.0260000005364418,1060021,0.0
11.0,15,0.478020847,0.0240000002086163,1060022,0.0
11.0,15,0.478020847,0.0240000002086163,1060023,0.0
