Median_colony_size,Parrotfish_abund,Long_Term_Kd_Median,H_abund,mean_cover,ID,value
13.0,0.009823081,0.0240000002086163,0.123296199,0.038175706,1010001,8.0
13.0,0.009823081,0.0470000021159649,0.123296199,0.038175706,1010002,0.0
12.2519936204147,0.009823081,0.0320000015199184,0.123296199,0.038175706,1010003,8.0
13.0,0.009823081,0.0360000021755695,0.123296199,0.038175706,1010004,0.0
13.0,0.009823081,0.149000003933907,0.123296199,0.038175706,1010005,2.0
12.2519936204147,0.009823081,0.0329999998211861,0.123296199,0.038175706,1010006,8.0
13.0,0.009823081,0.0300000011920929,0.123296199,0.038175706,1010007,8.0
13.0,0.009823081,0.0390000008046627,0.123296199,0.038175706,1010008,0.0
12.2519936204147,0.009823081,0.0310000013560057,0.123296199,0.038175706,1010009,8.0
13.0,0.040473244,0.0300000011920929,0.188799711,2.48210034066373,1010010,17.0
13.0,0.040473244,0.0780000016093254,0.188799711,2.48210034066373,1010011,0.0
13.0,0.040473244,0.0320000015199184,0.188799711,2.48210034066373,1010012,14.0
13.0,0.040473244,0.0310000013560057,0.188799711,2.48210034066373,1010013,14.0
13.0,0.040473244,0.13000001013279,0.188799711,2.48210034066373,1010014,15.0
13.0,0.040473244,0.13000001013279,0.188799711,2.48210034066373,1010015,2.0
13.0,0.040473244,0.0310000013560057,0.188799711,2.48210034066373,1010016,14.0
13.0,0.040473244,0.159000009298325,0.188799711,2.48210034066373,1010017,15.0
13.0,0.040473244,0.0380000025033951,0.188799711,2.48210034066373,1010018,14.0
13.0,0.040473244,0.0280000008642673,0.188799711,2.48210034066373,1010019,14.0
13.0,0.040473244,0.0300000011920929,0.188799711,2.48210034066373,1010020,14.0
13.0,0.040473244,0.0300000011920929,0.188799711,2.48210034066373,1010021,14.0
13.0,0.044511463,0.0270000007003546,0.13000976,0.047821185,1010022,16.0
13.0,0.044511463,0.0300000011920929,0.13000976,0.047821185,1010023,16.0
13.0,0.044511463,0.0320000015199184,0.13000976,0.047821185,1010024,16.0
13.0,0.044511463,0.0329999998211861,0.13000976,0.047821185,1010025,16.0
13.0,0.044511463,0.0290000010281801,0.13000976,0.047821185,1010026,16.0
13.0,0.044511463,0.0550000034272671,0.13000976,0.047821185,1010027,16.0
13.0,0.044511463,0.0659999996423721,0.13000976,0.047821185,1010028,16.0
13.0,0.044511463,0.0480000004172325,0.13000976,0.047821185,1010029,16.0
13.0,0.044511463,0.0290000010281801,0.13000976,0.047821185,1010030,16.0
13.0,0.044511463,0.0930000022053719,0.13000976,0.047821185,1010031,0.0
13.0,0.044511463,0.0870000049471855,0.13000976,0.047821185,1010032,1.0
13.0,0.044511463,0.068000003695488,0.13000976,0.047821185,1010033,15.0
13.0,0.044511463,0.0400000028312206,0.13000976,0.047821185,1010034,16.0
13.0,0.044511463,0.0360000021755695,0.13000976,0.047821185,1010035,16.0
13.0,0.044511463,0.122000008821487,0.13000976,0.047821185,1010036,0.0
13.0,0.044511463,0.12100000679493,0.13000976,0.047821185,1010037,0.0
13.0,0.044511463,0.12100000679493,0.13000976,0.047821185,1010038,0.0
13.0,0.044511463,0.0329999998211861,0.13000976,0.047821185,1010039,16.0
13.0,0.044511463,0.0350000001490116,0.13000976,0.047821185,1010040,16.0
13.0,0.044511463,0.128000006079674,0.13000976,0.047821185,1010041,0.0
13.0,0.044511463,0.138000011444092,0.13000976,0.047821185,1010042,0.0
13.0,0.044511463,0.129000008106232,0.13000976,0.047821185,1010043,0.0
13.0,0.044511463,0.0380000025033951,0.13000976,0.047821185,1010044,16.0
13.0,0.044511463,0.0320000015199184,0.13000976,0.047821185,1010045,16.0
13.0,0.044511463,0.119000002741814,0.13000976,0.047821185,1010046,0.0
13.0,0.044511463,0.117000006139278,0.13000976,0.047821185,1010047,0.0
13.0,0.044511463,0.123000003397465,0.13000976,0.047821185,1010048,0.0
13.0,0.044511463,0.0360000021755695,0.13000976,0.047821185,1010049,16.0
13.0,0.044511463,0.0290000010281801,0.13000976,0.047821185,1010050,16.0
13.0,0.044511463,0.0329999998211861,0.13000976,0.047821185,1010051,16.0
13.0,0.044511463,0.0440000034868717,0.13000976,0.047821185,1010052,0.0
13.0,0.044511463,0.596000015735626,0.13000976,0.047821185,1010053,58.0
13.0,0.044511463,0.0320000015199184,0.13000976,0.047821185,1010054,16.0
13.0,0.12589458,0.0500000007450581,0.243165367,2.021577556,1010055,18.0
13.0,0.12589458,0.0580000020563602,0.243165367,2.021577556,1010056,18.0
13.0,0.12589458,0.0540000014007092,0.243165367,2.021577556,1010057,18.0
13.0,0.12589458,0.0400000028312206,0.243165367,2.021577556,1010058,18.0
13.0,0.12589458,0.0390000008046627,0.243165367,2.021577556,1010059,18.0
13.0,0.12589458,0.0850000008940697,0.243165367,2.021577556,1010060,18.0
13.0,0.12589458,0.109000004827976,0.243165367,2.021577556,1010061,18.0
13.0,0.12589458,0.119000002741814,0.243165367,2.021577556,1010062,19.0
13.0,0.12589458,0.0410000011324883,0.243165367,2.021577556,1010063,18.0
13.0,0.12589458,0.0550000034272671,0.243165367,2.021577556,1010064,18.0
13.0,0.12589458,0.113000005483627,0.243165367,2.021577556,1010065,18.0
13.0,0.12589458,0.118500009179115,0.243165367,2.021577556,1010066,18.0
13.0,0.12589458,0.0650000050663948,0.243165367,2.021577556,1010067,18.0
13.0,0.12589458,0.0440000034868717,0.243165367,2.021577556,1010068,18.0
13.0,0.12589458,0.0310000013560057,0.243165367,2.021577556,1010069,18.0
13.0,0.12589458,0.0790000036358833,0.243165367,2.021577556,1010070,18.0
13.0,0.12589458,0.0640000030398369,0.243165367,2.021577556,1010071,18.0
13.0,0.12589458,0.0530000030994415,0.243165367,2.021577556,1010072,18.0
13.0,0.12589458,0.0360000021755695,0.243165367,2.021577556,1010073,18.0
13.0,0.12589458,0.0270000007003546,0.243165367,2.021577556,1010074,18.0
13.0,0.12589458,0.0350000001490116,0.243165367,2.021577556,1010075,18.0
13.0,0.12589458,0.0440000034868717,0.243165367,2.021577556,1010076,18.0
13.0,0.12589458,0.0360000021755695,0.243165367,2.021577556,1010077,18.0
13.0,0.12589458,0.0300000011920929,0.243165367,2.021577556,1010078,18.0
13.0,0.010412576,0.0280000008642673,0.114465462,2.48210034066373,1010079,8.0
13.0,0.010412576,0.0329999998211861,0.114465462,2.48210034066373,1010080,8.0
13.0,0.010412576,0.0310000013560057,0.114465462,2.48210034066373,1010081,8.0
13.0,0.010412576,0.0320000015199184,0.114465462,2.48210034066373,1010082,8.0
13.0,0.010412576,0.0700000002980232,0.114465462,2.48210034066373,1010083,8.0
13.0,0.010412576,0.0300000011920929,0.114465462,2.48210034066373,1010084,8.0
13.0,0.010412576,0.0290000010281801,0.114465462,2.48210034066373,1010085,8.0
13.0,0.010412576,0.0320000015199184,0.114465462,2.48210034066373,1010086,8.0
13.0,0.010412576,0.0280000008642673,0.114465462,2.48210034066373,1010087,8.0
13.0,0.100195391,0.0240000002086163,0.306642821,2.48210034066373,1010088,18.0
13.0,0.100195391,0.0300000011920929,0.306642821,2.48210034066373,1010089,18.0
13.0,0.100195391,0.0240000002086163,0.306642821,2.48210034066373,1010090,1.0
13.0,0.100195391,0.0240000002086163,0.306642821,2.48210034066373,1010091,18.0
13.0,0.100195391,0.0240000002086163,0.306642821,2.48210034066373,1010092,18.0
13.0,0.100195391,0.0620000027120113,0.306642821,2.48210034066373,1010093,16.0
13.0,0.100195391,0.0240000002086163,0.306642821,2.48210034066373,1010094,0.0
13.0,0.100195391,0.0320000015199184,0.306642821,2.48210034066373,1010095,17.0
13.0,0.100195391,0.0240000002086163,0.306642821,2.48210034066373,1010096,16.0
13.0,0.100195391,0.0240000002086163,0.306642821,2.48210034066373,1010097,18.0
13.0,0.100195391,0.0360000021755695,0.306642821,2.48210034066373,1010098,16.0
13.0,0.100195391,0.0240000002086163,0.306642821,2.48210034066373,1010099,0.0
13.0,0.100195391,0.0310000013560057,0.306642821,2.48210034066373,1010100,16.0
13.0,0.100195391,0.034000001847744,0.306642821,2.48210034066373,1010101,17.0
13.0,0.100195391,0.0240000002086163,0.306642821,2.48210034066373,1010102,0.0
13.0,0.100195391,0.0580000020563602,0.306642821,2.48210034066373,1010103,17.0
13.0,0.100195391,0.0290000010281801,0.306642821,2.48210034066373,1010104,18.0
13.0,0.100195391,0.0300000011920929,0.306642821,2.48210034066373,1010105,18.0
13.0,0.100195391,0.0240000002086163,0.306642821,2.48210034066373,1010106,18.0
13.0,0.100195391,0.0550000034272671,0.306642821,2.48210034066373,1010107,18.0
13.0,0.100195391,0.0310000013560057,0.306642821,2.48210034066373,1010108,18.0
13.0,0.100195391,0.0270000007003546,0.306642821,2.48210034066373,1010109,18.0
13.0,0.100195391,0.0280000008642673,0.306642821,2.48210034066373,1010110,18.0
13.0,0.100195391,0.0240000002086163,0.306642821,2.48210034066373,1010111,18.0
13.0,0.100195391,0.0240000002086163,0.306642821,2.48210034066373,1010112,18.0
13.0,0.100195391,0.0240000002086163,0.306642821,2.48210034066373,1010113,18.0
13.0,0.100195391,0.0260000005364418,0.306642821,2.48210034066373,1010114,18.0
13.0,0.000259364,0.0240000002086163,0.048335946,2.48210034066373,1010115,1.0
13.0,0.000259364,0.0240000002086163,0.048335946,2.48210034066373,1010116,1.0
13.0,0.000259364,0.0240000002086163,0.048335946,2.48210034066373,1010117,1.0
13.0,0.000259364,0.0240000002086163,0.048335946,2.48210034066373,1010118,1.0
13.0,0.03404686,0.0260000005364418,0.197949974,5.657503373,1010119,17.0
13.0,0.03404686,0.0240000002086163,0.197949974,5.657503373,1010120,17.0
13.0,0.03404686,0.0240000002086163,0.197949974,5.657503373,1010121,17.0
13.0,0.03404686,0.0240000002086163,0.197949974,5.657503373,1010122,17.0
13.0,0.03404686,0.0240000002086163,0.197949974,5.657503373,1010123,17.0
13.0,0.03404686,0.0240000002086163,0.197949974,5.657503373,1010124,17.0
13.0,0.03404686,0.0240000002086163,0.197949974,5.657503373,1010125,17.0
13.0,0.03404686,0.0240000002086163,0.197949974,5.657503373,1010126,16.0
13.0,0.03404686,0.0240000002086163,0.197949974,5.657503373,1010127,17.0
13.0,0.03404686,0.0260000005364418,0.197949974,5.657503373,1010128,17.0
13.0,0.03404686,0.0240000002086163,0.197949974,5.657503373,1010129,17.0
13.0,0.03404686,0.0240000002086163,0.197949974,5.657503373,1010130,17.0
13.0,0.03404686,0.0240000002086163,0.197949974,5.657503373,1010131,16.0
13.0,0.03404686,0.0360000021755695,0.197949974,5.657503373,1010132,16.0
13.0,0.03404686,0.0240000002086163,0.197949974,5.657503373,1010133,0.0
13.0,0.03404686,0.0280000008642673,0.197949974,5.657503373,1010134,17.0
13.0,0.03404686,0.0240000002086163,0.197949974,5.657503373,1010135,16.0
13.0,0.03404686,0.0240000002086163,0.197949974,5.657503373,1010136,0.0
13.0,0.03404686,0.0240000002086163,0.197949974,5.657503373,1010137,0.0
13.0,0.03404686,0.0240000002086163,0.197949974,5.657503373,1010138,0.0
13.0,0.03404686,0.0240000002086163,0.197949974,5.657503373,1010139,16.0
13.0,0.03404686,0.0300000011920929,0.197949974,5.657503373,1010140,17.0
13.0,0.03404686,0.0540000014007092,0.197949974,5.657503373,1010141,16.0
13.0,0.03404686,0.0240000002086163,0.197949974,5.657503373,1010142,0.0
13.0,0.03404686,0.0240000002086163,0.197949974,5.657503373,1010143,0.0
13.0,0.03404686,0.0240000002086163,0.197949974,5.657503373,1010144,17.0
13.0,0.03404686,0.0320000015199184,0.197949974,5.657503373,1010145,17.0
13.0,0.03404686,0.0240000002086163,0.197949974,5.657503373,1010146,17.0
13.0,0.03404686,0.0240000002086163,0.197949974,5.657503373,1010147,1.0
13.0,0.03404686,0.0650000050663948,0.197949974,5.657503373,1010148,17.0
13.0,0.03404686,0.0659999996423721,0.197949974,5.657503373,1010149,17.0
13.0,0.03404686,0.0240000002086163,0.197949974,5.657503373,1010150,0.0
13.0,0.03404686,0.0290000010281801,0.197949974,5.657503373,1010151,17.0
13.0,0.03404686,0.0260000005364418,0.197949974,5.657503373,1010152,17.0
13.0,0.03404686,0.0240000002086163,0.197949974,5.657503373,1010153,0.0
13.0,0.03404686,0.0240000002086163,0.197949974,5.657503373,1010154,0.0
13.0,0.03404686,0.0240000002086163,0.197949974,5.657503373,1010155,0.0
13.0,0.03404686,0.0240000002086163,0.197949974,5.657503373,1010156,17.0
13.0,0.005841404,0.0254999995231628,0.109773401,2.48210034066373,1010157,0.0
13.0,0.005841404,0.025000000372529,0.109773401,2.48210034066373,1010158,0.0
13.0,0.003193112,0.0240000002086163,0.102524253,2.48210034066373,1010159,0.0
13.0,0.003193112,0.0240000002086163,0.102524253,2.48210034066373,1010160,1.0
13.0,0.003193112,0.0230000019073486,0.102524253,2.48210034066373,1010161,1.0
12.0,0.0220249431104,0.0260000005364418,0.1919928948672,2.48210034066373,1010162,1.0
12.0,0.0220249431104,0.0240000002086163,0.1919928948672,2.48210034066373,1010163,1.0
12.0,0.0220249431104,0.0260000005364418,0.1919928948672,2.48210034066373,1010164,1.0
12.0,0.0220249431104,0.0260000005364418,0.1919928948672,2.48210034066373,1010165,1.0
12.0,0.005658842,0.0270000007003546,0.14026966,0.086763006,1010166,1.0
12.0,0.005658842,0.0270000007003546,0.14026966,0.086763006,1010167,1.0
12.0,0.005658842,0.0270000007003546,0.14026966,0.086763006,1010168,0.0
12.0,0.005658842,0.0280000008642673,0.14026966,0.086763006,1010169,0.0
12.0,0.005658842,0.0280000008642673,0.14026966,0.086763006,1010170,1.0
12.0,0.005658842,0.0260000005364418,0.14026966,0.086763006,1010171,1.0
12.0,0.005658842,0.025000000372529,0.14026966,0.086763006,1010172,0.0
12.0,0.005658842,0.0560000017285347,0.14026966,0.086763006,1010173,0.0
12.0,0.005658842,0.0320000015199184,0.14026966,0.086763006,1010174,0.0
12.0,0.005658842,0.0280000008642673,0.14026966,0.086763006,1010175,1.0
12.0,0.056588424,0.0260000005364418,0.091956189,0.0,1010176,2.0
12.0,0.056588424,0.0329999998211861,0.091956189,0.0,1010177,0.0
12.0,0.005658842,0.0320000015199184,0.14026966,0.086763006,1010178,0.0
12.0,0.003748536,0.0280000008642673,0.099921769,0.155292023,1010179,1.0
12.0,0.056588424,0.0260000005364418,0.091956189,0.0,1010180,2.0
12.0,0.056588424,0.0430000014603138,0.091956189,0.0,1010181,0.0
12.0,0.005658842,0.0620000027120113,0.14026966,0.086763006,1010182,3.0
12.0,0.003748536,0.0300000011920929,0.099921769,0.155292023,1010183,0.0
12.0,0.056588424,0.0260000005364418,0.091956189,0.0,1010184,3.0
12.0,0.056588424,0.025000000372529,0.091956189,0.0,1010185,2.0
12.0,0.003748536,0.0300000011920929,0.099921769,0.155292023,1010186,0.0
12.0,0.003748536,0.0280000008642673,0.099921769,0.155292023,1010187,1.0
12.0,0.056588424,0.0270000007003546,0.091956189,0.0,1010188,3.0
12.0,0.056588424,0.0270000007003546,0.091956189,0.0,1010189,2.0
12.0,0.056588424,0.0280000008642673,0.091956189,0.0,1010190,2.0
12.0,0.003748536,0.0280000008642673,0.099921769,0.155292023,1010191,1.0
12.0,0.056588424,0.0260000005364418,0.091956189,0.0,1010192,2.0
12.0,0.056588424,0.0270000007003546,0.091956189,0.0,1010193,2.0
12.0,0.001637881,0.0270000007003546,0.101708092,0.289300412,1010194,1.0
12.0,0.001637881,0.0270000007003546,0.101708092,0.289300412,1010195,0.0
12.0,0.001637881,0.0280000008642673,0.101708092,0.289300412,1010196,0.0
12.0,0.001637881,0.0280000008642673,0.101708092,0.289300412,1010197,0.0
12.0,0.000373933,0.0270000007003546,0.074135484,0.644145118,1010198,1.0
12.0,0.001637881,0.0329999998211861,0.101708092,0.289300412,1010199,0.0
12.0,0.001637881,0.0860000029206276,0.101708092,0.289300412,1010200,0.0
12.0,0.001637881,0.0380000025033951,0.101708092,0.289300412,1010201,1.0
12.0,0.000373933,0.0260000005364418,0.074135484,0.644145118,1010202,1.0
12.0,0.000373933,0.0290000010281801,0.074135484,0.644145118,1010203,0.0
12.0,0.001637881,0.0825000032782555,0.101708092,0.289300412,1010204,0.0
12.0,0.001637881,0.0500000007450581,0.101708092,0.289300412,1010205,0.0
12.0,0.000373933,0.0270000007003546,0.074135484,0.644145118,1010206,0.0
12.0,0.000373933,0.0410000011324883,0.074135484,0.644145118,1010207,0.0
12.0,0.001637881,0.0590000040829182,0.101708092,0.289300412,1010208,0.0
12.0,0.001637881,0.0329999998211861,0.101708092,0.289300412,1010209,0.0
12.0,0.000373933,0.0260000005364418,0.074135484,0.644145118,1010210,1.0
12.0,0.000373933,0.0290000010281801,0.074135484,0.644145118,1010211,0.0
12.0,0.001637881,0.0380000025033951,0.101708092,0.289300412,1010212,1.0
12.0,0.000373933,0.0329999998211861,0.074135484,0.644145118,1010213,0.0
12.0,0.000373933,0.0260000005364418,0.074135484,0.644145118,1010214,0.0
12.0,0.000373933,0.0280000008642673,0.074135484,0.644145118,1010215,0.0
12.0,0.000373933,0.109000004827976,0.074135484,0.644145118,1010216,2.0
12.0,0.000373933,0.0350000001490116,0.074135484,0.644145118,1010217,0.0
12.0,0.000373933,0.0270000007003546,0.074135484,0.644145118,1010218,1.0
12.0,0.000373933,0.0300000011920929,0.074135484,0.644145118,1010219,0.0
12.0,0.000373933,0.0910000056028366,0.074135484,0.644145118,1010220,0.0
12.0,0.000373933,0.0350000001490116,0.074135484,0.644145118,1010221,0.0
12.0,0.000373933,0.0270000007003546,0.074135484,0.644145118,1010222,1.0
12.0,0.000373933,0.0290000010281801,0.074135484,0.644145118,1010223,0.0
12.0,0.000373933,0.144500017166138,0.074135484,0.644145118,1010224,3.0
12.0,0.000373933,0.034000001847744,0.074135484,0.644145118,1010225,0.0
12.0,0.000373933,0.0260000005364418,0.074135484,0.644145118,1010226,1.0
12.0,0.000373933,0.0310000013560057,0.074135484,0.644145118,1010227,0.0
12.0,0.000373933,0.0920000076293945,0.074135484,0.644145118,1010228,0.0
12.0,0.000373933,0.0310000013560057,0.074135484,0.644145118,1010229,0.0
12.0,0.000373933,0.025000000372529,0.074135484,0.644145118,1010230,0.0
12.0,0.000373933,0.0425000041723251,0.074135484,0.644145118,1010231,1.0
12.0,0.000373933,0.063000001013279,0.074135484,0.644145118,1010232,0.0
12.0,0.000373933,0.0290000010281801,0.074135484,0.644145118,1010233,0.0
12.0,0.000373933,0.0270000007003546,0.074135484,0.644145118,1010234,0.0
12.0,0.000373933,0.0450000017881393,0.074135484,0.644145118,1010235,1.0
12.0,0.000373933,0.0440000034868717,0.074135484,0.644145118,1010236,0.0
12.0,0.000373933,0.0920000076293945,0.074135484,0.644145118,1010237,1.0
12.0,0.000373933,0.0320000015199184,0.074135484,0.644145118,1010238,0.0
12.0,0.000373933,0.0260000005364418,0.074135484,0.644145118,1010239,1.0
12.0,0.000373933,0.0260000005364418,0.074135484,0.644145118,1010240,0.0
12.0,0.000373933,0.0270000007003546,0.074135484,0.644145118,1010241,0.0
12.0,0.000373933,0.0290000010281801,0.074135484,0.644145118,1010242,0.0
12.0,0.000373933,0.0280000008642673,0.074135484,0.644145118,1010243,0.0
12.0,0.000373933,0.0260000005364418,0.074135484,0.644145118,1010244,1.0
12.0,0.000373933,0.0260000005364418,0.074135484,0.644145118,1010245,0.0
12.0,0.005796095,0.0270000007003546,0.116281402,0.371401771,1010246,0.0
12.0,0.005796095,0.0290000010281801,0.116281402,0.371401771,1010247,0.0
12.0,0.001341349,0.0260000005364418,0.093945558,1.134647294,1010248,0.0
12.0,0.001341349,0.0260000005364418,0.093945558,1.134647294,1010249,0.0
12.0,0.001341349,0.0270000007003546,0.093945558,1.134647294,1010250,0.0
12.0,0.005796095,0.0410000011324883,0.116281402,0.371401771,1010251,0.0
12.0,0.005796095,0.0300000011920929,0.116281402,0.371401771,1010252,0.0
12.0,0.001341349,0.0270000007003546,0.093945558,1.134647294,1010253,0.0
12.0,0.001341349,0.0280000008642673,0.093945558,1.134647294,1010254,0.0
12.0,0.001341349,0.0470000021159649,0.093945558,1.134647294,1010255,0.0
12.0,0.005796095,0.0290000010281801,0.116281402,0.371401771,1010256,0.0
12.0,0.005796095,0.0280000008642673,0.116281402,0.371401771,1010257,0.0
12.0,0.001341349,0.0260000005364418,0.093945558,1.134647294,1010258,0.0
12.0,0.001341349,0.0300000011920929,0.093945558,1.134647294,1010259,0.0
12.0,0.005796095,0.0290000010281801,0.116281402,0.371401771,1010260,0.0
12.0,0.005796095,0.0280000008642673,0.116281402,0.371401771,1010261,0.0
12.0,0.001341349,0.0300000011920929,0.093945558,1.134647294,1010262,0.0
12.0,0.001341349,0.0900000035762787,0.093945558,1.134647294,1010263,1.0
12.0,0.000845061,0.0320000015199184,0.102833159,0.72416997,1010264,0.0
12.0,0.000845061,0.0280000008642673,0.102833159,0.72416997,1010265,0.0
12.0,0.001341349,0.0280000008642673,0.093945558,1.134647294,1010266,0.0
12.0,0.001341349,0.034000001847744,0.093945558,1.134647294,1010267,0.0
12.0,0.000845061,0.0310000013560057,0.102833159,0.72416997,1010268,0.0
12.0,0.000845061,0.0300000011920929,0.102833159,0.72416997,1010269,0.0
12.0,0.001341349,0.0280000008642673,0.093945558,1.134647294,1010270,0.0
12.0,0.001341349,0.0320000015199184,0.093945558,1.134647294,1010271,0.0
12.0,0.000845061,0.0329999998211861,0.102833159,0.72416997,1010272,0.0
12.0,0.005662908,0.0290000010281801,0.097811773,8.07341847,1010273,0.0
12.0,0.001341349,0.0280000008642673,0.093945558,1.134647294,1010274,0.0
12.0,0.001341349,0.0320000015199184,0.093945558,1.134647294,1010275,0.0
12.0,0.005662908,0.0420000031590462,0.097811773,8.07341847,1010276,1.0
12.0,0.005662908,0.0290000010281801,0.097811773,8.07341847,1010277,0.0
12.0,0.001341349,0.0280000008642673,0.093945558,1.134647294,1010278,0.0
12.0,0.001341349,0.0310000013560057,0.093945558,1.134647294,1010279,0.0
12.0,0.005662908,0.0710000023245811,0.097811773,8.07341847,1010280,0.0
12.0,0.005662908,0.0300000011920929,0.097811773,8.07341847,1010281,0.0
12.0,0.001341349,0.0280000008642673,0.093945558,1.134647294,1010282,0.0
12.0,0.001341349,0.0329999998211861,0.093945558,1.134647294,1010283,0.0
12.0,0.005662908,0.25900000333786,0.097811773,8.07341847,1010284,68.0
12.0,0.005662908,0.034000001847744,0.097811773,8.07341847,1010285,0.0
12.0,0.005662908,0.0290000010281801,0.097811773,8.07341847,1010286,0.0
12.0,0.001341349,0.0270000007003546,0.093945558,1.134647294,1010287,0.0
12.0,0.001341349,0.0290000010281801,0.093945558,1.134647294,1010288,0.0
12.0,0.005662908,0.242000013589859,0.097811773,8.07341847,1010289,68.0
12.0,0.005662908,0.168000012636185,0.097811773,8.07341847,1010290,52.0
12.0,0.005662908,0.034000001847744,0.097811773,8.07341847,1010291,0.0
12.0,0.005662908,0.0290000010281801,0.097811773,8.07341847,1010292,0.0
12.0,0.001341349,0.0270000007003546,0.093945558,1.134647294,1010293,0.0
12.0,0.001341349,0.0290000010281801,0.093945558,1.134647294,1010294,0.0
12.0,0.005662908,0.267500013113022,0.097811773,8.07341847,1010295,68.0
12.0,0.005662908,0.0600000023841858,0.097811773,8.07341847,1010296,0.0
12.0,0.005662908,0.0320000015199184,0.097811773,8.07341847,1010297,0.0
12.0,0.001341349,0.0280000008642673,0.093945558,1.134647294,1010298,0.0
12.0,0.001341349,0.120000004768372,0.093945558,1.134647294,1010299,3.0
12.0,0.014263533,0.129000008106232,0.208927426,11.42303042,1010300,1.0
12.0,0.005662908,0.0390000008046627,0.097811773,8.07341847,1010301,0.0
12.0,0.014263533,0.0230000019073486,0.208927426,11.42303042,1010302,0.0
12.0,0.014263533,0.137000009417534,0.208927426,11.42303042,1010303,2.0
12.0,0.014263533,0.0410000011324883,0.208927426,11.42303042,1010304,1.0
12.0,0.014263533,0.0300000011920929,0.208927426,11.42303042,1010305,0.0
12.0,0.014263533,0.0270000007003546,0.208927426,11.42303042,1010306,0.0
12.0,0.014263533,0.0280000008642673,0.208927426,11.42303042,1010307,0.0
12.0,0.002248916,0.0280000008642673,0.055451482,0.991706751,1010308,0.0
12.0,0.002248916,0.0270000007003546,0.055451482,0.991706751,1010309,0.0
12.0,0.002248916,0.0350000001490116,0.055451482,0.991706751,1010310,0.0
12.0,0.002248916,0.0320000015199184,0.055451482,0.991706751,1010311,0.0
12.0,0.002248916,0.0270000007003546,0.055451482,0.991706751,1010312,0.0
12.0,0.002248916,0.0290000010281801,0.055451482,0.991706751,1010313,0.0
12.0,0.002248916,0.0360000021755695,0.055451482,0.991706751,1010314,0.0
12.0,0.002248916,0.0320000015199184,0.055451482,0.991706751,1010315,0.0
12.0,0.002248916,0.0260000005364418,0.055451482,0.991706751,1010316,0.0
12.0,0.002248916,0.0490000024437904,0.055451482,0.991706751,1010317,0.0
12.0,0.010652949,0.0350000001490116,0.155352209,0.122771038,1010318,0.0
12.0,0.010652949,0.0310000013560057,0.155352209,0.122771038,1010319,0.0
12.0,0.072504998,0.0270000007003546,0.186413619,6.310231365,1010320,1.0
12.0,0.072504998,0.0360000021755695,0.186413619,6.310231365,1010321,0.0
12.0,0.010652949,0.0320000015199184,0.155352209,0.122771038,1010322,0.0
12.0,0.010652949,0.0290000010281801,0.155352209,0.122771038,1010323,0.0
12.0,0.013592246,0.0260000005364418,0.22405832,4.957324098,1010324,0.0
12.0,0.013592246,0.0270000007003546,0.22405832,4.957324098,1010325,0.0
12.0,0.072504998,0.0270000007003546,0.186413619,6.310231365,1010326,1.0
12.0,0.072504998,0.034000001847744,0.186413619,6.310231365,1010327,0.0
12.0,0.010652949,0.0300000011920929,0.155352209,0.122771038,1010328,0.0
12.0,0.010652949,0.0280000008642673,0.155352209,0.122771038,1010329,0.0
12.0,0.013592246,0.0260000005364418,0.22405832,4.957324098,1010330,0.0
12.0,0.013592246,0.0260000005364418,0.22405832,4.957324098,1010331,0.0
12.0,0.013592246,0.0270000007003546,0.22405832,4.957324098,1010332,0.0
12.0,0.008488264,0.0290000010281801,0.090541479,19.543636897,1010333,0.0
12.0,0.008488264,0.0290000010281801,0.090541479,19.543636897,1010334,0.0
12.0,0.072504998,0.0280000008642673,0.186413619,6.310231365,1010335,1.0
12.0,0.072504998,0.0450000017881393,0.186413619,6.310231365,1010336,1.0
12.0,0.010652949,0.0290000010281801,0.155352209,0.122771038,1010337,0.0
12.0,0.010652949,0.0280000008642673,0.155352209,0.122771038,1010338,0.0
12.0,0.013592246,0.025000000372529,0.22405832,4.957324098,1010339,0.0
12.0,0.013592246,0.025000000372529,0.22405832,4.957324098,1010340,0.0
12.0,0.013592246,0.025000000372529,0.22405832,4.957324098,1010341,0.0
12.0,0.008488264,0.0300000011920929,0.090541479,19.543636897,1010342,0.0
12.0,0.072504998,0.0290000010281801,0.186413619,6.310231365,1010343,1.0
12.0,0.072504998,1.00499999523163,0.186413619,6.310231365,1010344,55.0
12.0,0.010652949,0.0290000010281801,0.155352209,0.122771038,1010345,0.0
12.0,0.010652949,0.0280000008642673,0.155352209,0.122771038,1010346,0.0
12.0,0.013592246,0.0260000005364418,0.22405832,4.957324098,1010347,0.0
12.0,0.013592246,0.025000000372529,0.22405832,4.957324098,1010348,0.0
12.0,0.008488264,0.0310000013560057,0.090541479,19.543636897,1010349,0.0
12.0,0.072504998,0.0300000011920929,0.186413619,6.310231365,1010350,0.0
12.0,0.010652949,0.0320000015199184,0.155352209,0.122771038,1010351,0.0
12.0,0.010652949,0.0280000008642673,0.155352209,0.122771038,1010352,0.0
12.0,0.013592246,0.0260000005364418,0.22405832,4.957324098,1010353,0.0
12.0,0.013592246,0.0260000005364418,0.22405832,4.957324098,1010354,0.0
12.0,0.008488264,0.0310000013560057,0.090541479,19.543636897,1010355,0.0
12.0,0.072504998,0.0329999998211861,0.186413619,6.310231365,1010356,0.0
12.0,0.004531905,0.0440000034868717,0.131557121,0.043178793,1010357,0.0
12.0,0.004531905,0.0300000011920929,0.131557121,0.043178793,1010358,0.0
12.0,0.013592246,0.0260000005364418,0.22405832,4.957324098,1010359,0.0
12.0,0.013592246,0.0280000008642673,0.22405832,4.957324098,1010360,0.0
12.0,0.008488264,0.0329999998211861,0.090541479,19.543636897,1010361,0.0
12.0,0.008488264,0.0310000013560057,0.090541479,19.543636897,1010362,0.0
12.0,0.072504998,0.0380000025033951,0.186413619,6.310231365,1010363,16.0
12.0,0.004531905,0.0450000017881393,0.131557121,0.043178793,1010364,0.0
12.0,0.004531905,0.0290000010281801,0.131557121,0.043178793,1010365,0.0
12.0,0.013592246,0.0260000005364418,0.22405832,4.957324098,1010366,0.0
12.0,0.013592246,0.0280000008642673,0.22405832,4.957324098,1010367,0.0
12.0,0.008488264,0.0430000014603138,0.090541479,19.543636897,1010368,0.0
12.0,0.008488264,0.0320000015199184,0.090541479,19.543636897,1010369,0.0
12.0,0.072504998,0.0320000015199184,0.186413619,6.310231365,1010370,0.0
12.0,0.072504998,0.034000001847744,0.186413619,6.310231365,1010371,0.0
12.0,0.004531905,0.0450000017881393,0.131557121,0.043178793,1010372,0.0
12.0,0.004531905,0.0290000010281801,0.131557121,0.043178793,1010373,0.0
12.0,0.005187272,0.0260000005364418,0.236413861,0.139379512,1010374,0.0
12.0,0.013592246,0.0270000007003546,0.22405832,4.957324098,1010375,0.0
12.0,0.013592246,0.0290000010281801,0.22405832,4.957324098,1010376,0.0
12.0,0.013592246,0.0300000011920929,0.22405832,4.957324098,1010377,0.0
12.0,0.013592246,0.0300000011920929,0.22405832,4.957324098,1010378,0.0
12.0,0.002684982,0.0310000013560057,0.056574144,6.053057194,1010379,0.0
12.0,0.002684982,0.0310000013560057,0.056574144,6.053057194,1010380,0.0
12.0,0.072504998,0.0320000015199184,0.186413619,6.310231365,1010381,0.0
12.0,0.072504998,0.138000011444092,0.186413619,6.310231365,1010382,3.0
12.0,0.004531905,0.0480000004172325,0.131557121,0.043178793,1010383,0.0
12.0,0.004531905,0.0290000010281801,0.131557121,0.043178793,1010384,0.0
12.0,0.005187272,0.0260000005364418,0.236413861,0.139379512,1010385,0.0
12.0,0.005187272,0.025000000372529,0.236413861,0.139379512,1010386,0.0
12.0,0.005187272,0.0270000007003546,0.236413861,0.139379512,1010387,0.0
12.0,0.013592246,0.0270000007003546,0.22405832,4.957324098,1010388,0.0
12.0,0.002684982,0.0280000008642673,0.056574144,6.053057194,1010389,0.0
12.0,0.002684982,0.0270000007003546,0.056574144,6.053057194,1010390,0.0
12.0,0.002684982,0.0280000008642673,0.056574144,6.053057194,1010391,0.0
12.0,0.002684982,0.0320000015199184,0.056574144,6.053057194,1010392,0.0
12.0,0.002684982,0.0320000015199184,0.056574144,6.053057194,1010393,0.0
12.0,0.072504998,0.0310000013560057,0.186413619,6.310231365,1010394,0.0
12.0,0.004531905,0.0320000015199184,0.131557121,0.043178793,1010395,0.0
12.0,0.004531905,0.0290000010281801,0.131557121,0.043178793,1010396,0.0
12.0,0.005187272,0.0260000005364418,0.236413861,0.139379512,1010397,0.0
12.0,0.005187272,0.0260000005364418,0.236413861,0.139379512,1010398,0.0
12.0,0.009117024,0.0280000008642673,0.16379205,11.984530885,1010399,0.0
12.0,0.009117024,0.0270000007003546,0.16379205,11.984530885,1010400,0.0
12.0,0.006385645,0.0270000007003546,0.142222823,9.532815335,1010401,0.0
12.0,0.002684982,0.0260000005364418,0.056574144,6.053057194,1010402,0.0
12.0,0.002684982,0.0550000034272671,0.056574144,6.053057194,1010403,0.0
12.0,0.002684982,0.034000001847744,0.056574144,6.053057194,1010404,0.0
12.0,0.002684982,0.0320000015199184,0.056574144,6.053057194,1010405,0.0
12.0,0.072504998,0.0300000011920929,0.186413619,6.310231365,1010406,0.0
12.0,0.004531905,0.0290000010281801,0.131557121,0.043178793,1010407,0.0
12.0,0.005187272,0.0260000005364418,0.236413861,0.139379512,1010408,0.0
12.0,0.005187272,0.025000000372529,0.236413861,0.139379512,1010409,0.0
12.0,0.009117024,0.0430000014603138,0.16379205,11.984530885,1010410,0.0
12.0,0.009117024,0.0270000007003546,0.16379205,11.984530885,1010411,0.0
12.0,0.006385645,0.0260000005364418,0.142222823,9.532815335,1010412,0.0
12.0,0.006385645,0.025000000372529,0.142222823,9.532815335,1010413,0.0
12.0,0.01045155,0.0450000017881393,0.201802654,0.148966061,1010414,0.0
12.0,0.01045155,0.0320000015199184,0.201802654,0.148966061,1010415,0.0
12.0,0.072504998,0.0300000011920929,0.186413619,6.310231365,1010416,1.0
12.0,0.005187272,0.0260000005364418,0.236413861,0.139379512,1010417,0.0
12.0,0.005187272,0.0260000005364418,0.236413861,0.139379512,1010418,0.0
12.0,0.009117024,0.0280000008642673,0.16379205,11.984530885,1010419,0.0
12.0,0.009117024,0.0270000007003546,0.16379205,11.984530885,1010420,0.0
12.0,0.006385645,0.0270000007003546,0.142222823,9.532815335,1010421,0.0
12.0,0.006385645,0.0280000008642673,0.142222823,9.532815335,1010422,0.0
12.0,0.01045155,0.0360000021755695,0.201802654,0.148966061,1010423,0.0
12.0,0.01045155,0.0310000013560057,0.201802654,0.148966061,1010424,0.0
12.0,0.005187272,0.0260000005364418,0.236413861,0.139379512,1010425,0.0
12.0,0.005187272,0.0270000007003546,0.236413861,0.139379512,1010426,0.0
12.0,0.009117024,0.0270000007003546,0.16379205,11.984530885,1010427,0.0
12.0,0.009117024,0.0270000007003546,0.16379205,11.984530885,1010428,0.0
12.0,0.0220249431104,0.0280000008642673,0.1919928948672,2.48210034066373,1010429,0.0
12.0,0.006385645,0.0280000008642673,0.142222823,9.532815335,1010430,0.0
12.0,0.006385645,0.0460000038146973,0.142222823,9.532815335,1010431,0.0
12.0,0.01045155,0.0420000031590462,0.201802654,0.148966061,1010432,0.0
12.0,0.01045155,0.0310000013560057,0.201802654,0.148966061,1010433,0.0
12.0,0.005187272,0.0270000007003546,0.236413861,0.139379512,1010434,0.0
12.0,0.006385645,0.0270000007003546,0.142222823,9.532815335,1010435,0.0
12.0,0.006385645,0.0280000008642673,0.142222823,9.532815335,1010436,0.0
12.0,0.006385645,0.0290000010281801,0.142222823,9.532815335,1010437,0.0
12.0,0.006385645,0.0329999998211861,0.142222823,9.532815335,1010438,0.0
12.0,0.006385645,0.0720000043511391,0.142222823,9.532815335,1010439,0.0
12.0,0.009460287,0.0690000057220459,0.322807263,6.782981721,1010440,0.0
12.0,0.01045155,0.034000001847744,0.201802654,0.148966061,1010441,0.0
12.0,0.004653082,0.0270000007003546,0.237424497,0.100953991,1010442,0.0
12.0,0.006385645,0.0280000008642673,0.142222823,9.532815335,1010443,0.0
12.0,0.009460287,0.0740000009536743,0.322807263,6.782981721,1010444,0.0
12.0,0.009460287,0.0320000015199184,0.322807263,6.782981721,1010445,0.0
12.0,0.004653082,0.0260000005364418,0.237424497,0.100953991,1010446,0.0
12.0,0.004653082,0.0280000008642673,0.237424497,0.100953991,1010447,0.0
12.0,0.009460287,0.10300000756979,0.322807263,6.782981721,1010448,1.0
12.0,0.009460287,0.0320000015199184,0.322807263,6.782981721,1010449,0.0
12.0,0.004653082,0.0260000005364418,0.237424497,0.100953991,1010450,0.0
12.0,0.004653082,0.0270000007003546,0.237424497,0.100953991,1010451,0.0
12.0,0.004017494,0.0320000015199184,0.185684024,0.050535315,1010452,0.0
12.0,0.004017494,0.0280000008642673,0.185684024,0.050535315,1010453,0.0
12.0,0.004653082,0.0260000005364418,0.237424497,0.100953991,1010454,0.0
12.0,0.004653082,0.025000000372529,0.237424497,0.100953991,1010455,0.0
12.0,0.004017494,0.0290000010281801,0.185684024,0.050535315,1010456,0.0
12.0,0.004017494,0.0270000007003546,0.185684024,0.050535315,1010457,0.0
12.0,0.004653082,0.0260000005364418,0.237424497,0.100953991,1010458,0.0
12.0,0.004653082,0.025000000372529,0.237424497,0.100953991,1010459,0.0
12.0,0.004017494,0.038500003516674,0.185684024,0.050535315,1010460,0.0
12.0,0.004017494,0.0270000007003546,0.185684024,0.050535315,1010461,0.0
12.0,0.004653082,0.0260000005364418,0.237424497,0.100953991,1010462,0.0
12.0,0.004653082,0.025000000372529,0.237424497,0.100953991,1010463,0.0
12.0,0.004017494,0.0430000014603138,0.185684024,0.050535315,1010464,0.0
12.0,0.004017494,0.0280000008642673,0.185684024,0.050535315,1010465,0.0
12.0,0.012584894,0.0280000008642673,0.388688399,0.193502615,1010466,0.0
12.0,0.012584894,0.0290000010281801,0.388688399,0.193502615,1010467,0.0
12.0,0.012584894,0.0280000008642673,0.388688399,0.193502615,1010468,0.0
12.0,0.004653082,0.025000000372529,0.237424497,0.100953991,1010469,0.0
12.0,0.004653082,0.0270000007003546,0.237424497,0.100953991,1010470,0.0
12.0,0.004017494,0.0329999998211861,0.185684024,0.050535315,1010471,0.0
12.0,0.004017494,0.0270000007003546,0.185684024,0.050535315,1010472,0.0
12.0,0.012584894,0.0290000010281801,0.388688399,0.193502615,1010473,0.0
12.0,0.012584894,0.0290000010281801,0.388688399,0.193502615,1010474,0.0
12.0,0.012584894,0.0300000011920929,0.388688399,0.193502615,1010475,0.0
12.0,0.012584894,0.0300000011920929,0.388688399,0.193502615,1010476,0.0
12.0,0.012584894,0.0290000010281801,0.388688399,0.193502615,1010477,0.0
12.0,0.004653082,0.025000000372529,0.237424497,0.100953991,1010478,0.0
12.0,0.004653082,0.0240000002086163,0.237424497,0.100953991,1010479,0.0
12.0,0.004017494,0.0380000025033951,0.185684024,0.050535315,1010480,0.0
12.0,0.004017494,0.0280000008642673,0.185684024,0.050535315,1010481,0.0
12.0,0.012584894,0.0280000008642673,0.388688399,0.193502615,1010482,0.0
12.0,0.012584894,0.0290000010281801,0.388688399,0.193502615,1010483,0.0
12.0,0.012584894,0.0290000010281801,0.388688399,0.193502615,1010484,0.0
12.0,0.012584894,0.0310000013560057,0.388688399,0.193502615,1010485,0.0
12.0,0.012584894,0.0300000011920929,0.388688399,0.193502615,1010486,0.0
12.0,0.004653082,0.025000000372529,0.237424497,0.100953991,1010487,0.0
12.0,0.004653082,0.0260000005364418,0.237424497,0.100953991,1010488,0.0
12.0,0.004017494,0.0280000008642673,0.185684024,0.050535315,1010489,0.0
12.0,0.004017494,0.0270000007003546,0.185684024,0.050535315,1010490,0.0
12.0,0.012584894,0.0290000010281801,0.388688399,0.193502615,1010491,0.0
12.0,0.012584894,0.0290000010281801,0.388688399,0.193502615,1010492,0.0
12.0,0.012584894,0.0290000010281801,0.388688399,0.193502615,1010493,0.0
12.0,0.012584894,0.0290000010281801,0.388688399,0.193502615,1010494,0.0
12.0,0.012584894,0.0300000011920929,0.388688399,0.193502615,1010495,0.0
12.0,0.012584894,0.0290000010281801,0.388688399,0.193502615,1010496,0.0
12.0,0.012584894,0.0290000010281801,0.388688399,0.193502615,1010497,0.0
12.0,0.012584894,0.0290000010281801,0.388688399,0.193502615,1010498,0.0
12.0,0.012584894,0.0290000010281801,0.388688399,0.193502615,1010499,0.0
12.0,0.012584894,0.0270000007003546,0.388688399,0.193502615,1010500,0.0
12.0,0.012584894,0.0280000008642673,0.388688399,0.193502615,1010501,0.0
12.0,0.012584894,0.0320000015199184,0.388688399,0.193502615,1010502,0.0
12.0,0.012584894,0.0290000010281801,0.388688399,0.193502615,1010503,0.0
12.0,0.012584894,0.0260000005364418,0.388688399,0.193502615,1010504,0.0
12.0,0.012584894,0.0260000005364418,0.388688399,0.193502615,1010505,0.0
12.0,0.012584894,0.0260000005364418,0.388688399,0.193502615,1010506,0.0
12.0,0.004653082,0.0260000005364418,0.237424497,0.100953991,1010507,0.0
12.0,0.020030866,0.0300000011920929,0.199033574,0.0,1010508,0.0
12.0,0.020030866,0.0290000010281801,0.199033574,0.0,1010509,0.0
12.0,0.004017494,0.0260000005364418,0.185684024,0.050535315,1010510,0.0
12.0,0.012584894,0.0280000008642673,0.388688399,0.193502615,1010511,0.0
12.0,0.012584894,0.0300000011920929,0.388688399,0.193502615,1010512,0.0
12.0,0.012584894,0.0290000010281801,0.388688399,0.193502615,1010513,0.0
12.0,0.012584894,0.0290000010281801,0.388688399,0.193502615,1010514,0.0
12.0,0.012584894,0.0300000011920929,0.388688399,0.193502615,1010515,0.0
12.0,0.012584894,0.0300000011920929,0.388688399,0.193502615,1010516,0.0
12.0,0.012584894,0.0300000011920929,0.388688399,0.193502615,1010517,0.0
12.0,0.012584894,0.0290000010281801,0.388688399,0.193502615,1010518,0.0
12.0,0.012584894,0.0270000007003546,0.388688399,0.193502615,1010519,0.0
12.0,0.012584894,0.0300000011920929,0.388688399,0.193502615,1010520,0.0
12.0,0.012584894,0.0380000025033951,0.388688399,0.193502615,1010521,0.0
12.0,0.012584894,0.0310000013560057,0.388688399,0.193502615,1010522,0.0
12.0,0.012584894,0.0280000008642673,0.388688399,0.193502615,1010523,0.0
12.0,0.012584894,0.0270000007003546,0.388688399,0.193502615,1010524,0.0
12.0,0.012584894,0.0270000007003546,0.388688399,0.193502615,1010525,0.0
12.0,0.012584894,0.0260000005364418,0.388688399,0.193502615,1010526,0.0
12.0,0.012584894,0.0260000005364418,0.388688399,0.193502615,1010527,0.0
12.0,0.012584894,0.0260000005364418,0.388688399,0.193502615,1010528,0.0
12.0,0.004318544,0.0270000007003546,0.14254446,0.743367037,1010529,0.0
12.0,0.020030866,0.0260000005364418,0.199033574,0.0,1010530,0.0
12.0,0.020030866,0.0260000005364418,0.199033574,0.0,1010531,0.0
12.0,0.012584894,0.0270000007003546,0.388688399,0.193502615,1010532,0.0
12.0,0.012584894,0.0290000010281801,0.388688399,0.193502615,1010533,0.0
12.0,0.012584894,0.0310000013560057,0.388688399,0.193502615,1010534,0.0
12.0,0.012584894,0.0280000008642673,0.388688399,0.193502615,1010535,0.0
12.0,0.012584894,0.0270000007003546,0.388688399,0.193502615,1010536,0.0
12.0,0.004318544,0.0270000007003546,0.14254446,0.743367037,1010537,0.0
12.0,0.004318544,0.0270000007003546,0.14254446,0.743367037,1010538,0.0
12.0,0.012584894,0.0270000007003546,0.388688399,0.193502615,1010539,0.0
12.0,0.012584894,0.0280000008642673,0.388688399,0.193502615,1010540,0.0
12.0,0.004318544,0.0270000007003546,0.14254446,0.743367037,1010541,0.0
12.0,0.004318544,0.0260000005364418,0.14254446,0.743367037,1010542,0.0
12.0,0.012584894,0.0270000007003546,0.388688399,0.193502615,1010543,0.0
12.0,0.012584894,0.0280000008642673,0.388688399,0.193502615,1010544,0.0
12.0,0.004318544,0.0260000005364418,0.14254446,0.743367037,1010545,0.0
12.0,0.004318544,0.0260000005364418,0.14254446,0.743367037,1010546,0.0
12.0,0.012584894,0.0270000007003546,0.388688399,0.193502615,1010547,0.0
12.0,0.012584894,0.0260000005364418,0.388688399,0.193502615,1010548,0.0
12.0,0.004318544,0.0329999998211861,0.14254446,0.743367037,1010549,0.0
12.0,0.004318544,0.0260000005364418,0.14254446,0.743367037,1010550,0.0
12.0,0.012584894,0.0260000005364418,0.388688399,0.193502615,1010551,0.0
12.0,0.012584894,0.0260000005364418,0.388688399,0.193502615,1010552,0.0
12.0,0.004318544,0.0460000038146973,0.14254446,0.743367037,1010553,0.0
12.0,0.004318544,0.0260000005364418,0.14254446,0.743367037,1010554,0.0
12.0,0.012584894,0.025000000372529,0.388688399,0.193502615,1010555,0.0
12.0,0.002542924,0.0240000002086163,0.37835951,2.825638353,1010556,0.0
12.0,0.004318544,0.0290000010281801,0.14254446,0.743367037,1010557,0.0
12.0,0.004318544,0.0260000005364418,0.14254446,0.743367037,1010558,0.0
12.0,0.002542924,0.025000000372529,0.37835951,2.825638353,1010559,0.0
12.0,0.002542924,0.025000000372529,0.37835951,2.825638353,1010560,0.0
12.0,0.004318544,0.0380000025033951,0.14254446,0.743367037,1010561,0.0
12.0,0.004318544,0.0280000008642673,0.14254446,0.743367037,1010562,0.0
12.0,0.002542924,0.025000000372529,0.37835951,2.825638353,1010563,0.0
12.0,0.002542924,0.025000000372529,0.37835951,2.825638353,1010564,0.0
12.0,0.002542924,0.025000000372529,0.37835951,2.825638353,1010565,0.0
12.0,0.004318544,0.0310000013560057,0.14254446,0.743367037,1010566,0.0
12.0,0.004318544,0.0270000007003546,0.14254446,0.743367037,1010567,0.0
12.0,0.002542924,0.025000000372529,0.37835951,2.825638353,1010568,0.0
12.0,0.002542924,0.025000000372529,0.37835951,2.825638353,1010569,0.0
12.0,0.002542924,0.0240000002086163,0.37835951,2.825638353,1010570,0.0
12.0,0.004318544,0.0280000008642673,0.14254446,0.743367037,1010571,0.0
12.0,0.004318544,0.0260000005364418,0.14254446,0.743367037,1010572,0.0
12.0,0.002542924,0.025000000372529,0.37835951,2.825638353,1010573,0.0
12.0,0.002542924,0.0280000008642673,0.37835951,2.825638353,1010574,0.0
12.0,0.004318544,0.0270000007003546,0.14254446,0.743367037,1010575,0.0
12.0,0.004318544,0.0260000005364418,0.14254446,0.743367037,1010576,0.0
12.0,0.002542924,0.025000000372529,0.37835951,2.825638353,1010577,0.0
12.0,0.002542924,0.0270000007003546,0.37835951,2.825638353,1010578,0.0
12.0,0.004318544,0.0310000013560057,0.14254446,0.743367037,1010579,0.0
12.0,0.004318544,0.0260000005364418,0.14254446,0.743367037,1010580,0.0
12.0,0.002542924,0.0260000005364418,0.37835951,2.825638353,1010581,0.0
12.0,0.002542924,0.0290000010281801,0.37835951,2.825638353,1010582,0.0
12.0,0.004318544,0.0360000021755695,0.14254446,0.743367037,1010583,0.0
12.0,0.004318544,0.0270000007003546,0.14254446,0.743367037,1010584,0.0
12.0,0.002542924,0.0260000005364418,0.37835951,2.825638353,1010585,0.0
12.0,0.002542924,0.0270000007003546,0.37835951,2.825638353,1010586,0.0
12.0,0.004318544,0.0300000011920929,0.14254446,0.743367037,1010587,0.0
12.0,0.004318544,0.0260000005364418,0.14254446,0.743367037,1010588,0.0
12.0,0.002542924,0.0260000005364418,0.37835951,2.825638353,1010589,0.0
12.0,0.002542924,0.0270000007003546,0.37835951,2.825638353,1010590,0.0
12.0,0.004318544,0.0360000021755695,0.14254446,0.743367037,1010591,0.0
12.0,0.004318544,0.0260000005364418,0.14254446,0.743367037,1010592,0.0
12.0,0.002542924,0.0260000005364418,0.37835951,2.825638353,1010593,0.0
12.0,0.002542924,0.0270000007003546,0.37835951,2.825638353,1010594,0.0
12.0,0.004318544,0.0270000007003546,0.14254446,0.743367037,1010595,0.0
12.0,0.004318544,0.0260000005364418,0.14254446,0.743367037,1010596,0.0
12.0,0.002542924,0.0260000005364418,0.37835951,2.825638353,1010597,0.0
12.0,0.002542924,0.0329999998211861,0.37835951,2.825638353,1010598,0.0
12.0,0.004318544,0.0290000010281801,0.14254446,0.743367037,1010599,0.0
12.0,0.004318544,0.0260000005364418,0.14254446,0.743367037,1010600,0.0
12.0,0.002542924,0.0260000005364418,0.37835951,2.825638353,1010601,0.0
12.0,0.002542924,0.0280000008642673,0.37835951,2.825638353,1010602,0.0
12.0,0.004837557,0.328000009059906,0.209105615,0.86463382,1010603,61.0
12.0,0.004837557,0.0530000030994415,0.209105615,0.86463382,1010604,0.0
12.0,0.004837557,0.0360000021755695,0.209105615,0.86463382,1010605,0.0
12.0,0.004837557,0.0290000010281801,0.209105615,0.86463382,1010606,0.0
12.0,0.004318544,0.0270000007003546,0.14254446,0.743367037,1010607,0.0
12.0,0.002542924,0.0270000007003546,0.37835951,2.825638353,1010608,0.0
12.0,0.002542924,0.0360000021755695,0.37835951,2.825638353,1010609,0.0
12.0,0.004837557,0.0800000056624413,0.209105615,0.86463382,1010610,0.0
12.0,0.004837557,0.0370000004768372,0.209105615,0.86463382,1010611,0.0
12.0,0.004837557,0.0310000013560057,0.209105615,0.86463382,1010612,0.0
12.0,0.004837557,0.0270000007003546,0.209105615,0.86463382,1010613,0.0
12.0,0.002542924,0.0260000005364418,0.37835951,2.825638353,1010614,0.0
12.0,0.004837557,0.0270000007003546,0.209105615,0.86463382,1010615,0.0
12.0,0.004837557,0.0370000004768372,0.209105615,0.86463382,1010616,0.0
12.0,0.004837557,0.0260000005364418,0.209105615,0.86463382,1010617,0.0
12.0,0.004837557,0.0260000005364418,0.209105615,0.86463382,1010618,0.0
12.0,0.004837557,0.0320000015199184,0.209105615,0.86463382,1010619,0.0
12.0,0.004837557,0.0300000011920929,0.209105615,0.86463382,1010620,0.0
12.0,0.004837557,0.025000000372529,0.209105615,0.86463382,1010621,0.0
12.0,0.004837557,0.0270000007003546,0.209105615,0.86463382,1010622,0.0
12.0,0.004837557,0.0300000011920929,0.209105615,0.86463382,1010623,0.0
12.0,0.004837557,0.0300000011920929,0.209105615,0.86463382,1010624,0.0
12.0,0.004837557,0.0260000005364418,0.209105615,0.86463382,1010625,0.0
12.0,0.004837557,0.0310000013560057,0.209105615,0.86463382,1010626,0.0
12.0,0.004837557,0.0460000038146973,0.209105615,0.86463382,1010627,1.0
12.0,0.004837557,0.0290000010281801,0.209105615,0.86463382,1010628,0.0
12.0,0.004837557,0.0270000007003546,0.209105615,0.86463382,1010629,0.0
12.0,0.004837557,0.0280000008642673,0.209105615,0.86463382,1010630,0.0
11.0,0.018032669,0.025000000372529,0.289688649,1.870613115,1020001,1.0
11.0,0.018032669,0.0220000017434359,0.289688649,1.870613115,1020002,1.0
11.0,0.018032669,0.025000000372529,0.289688649,1.870613115,1020003,1.0
11.0,0.018032669,0.0240000002086163,0.289688649,1.870613115,1020004,1.0
11.0,0.018032669,0.025000000372529,0.289688649,1.870613115,1020005,1.0
11.0,0.018032669,0.0270000007003546,0.289688649,1.870613115,1020006,1.0
11.0,0.008029022,0.025000000372529,0.200683888,3.139408422,1020007,0.0
11.0,0.018032669,0.0280000008642673,0.289688649,1.870613115,1020008,1.0
11.0,0.008029022,0.0220000017434359,0.200683888,3.139408422,1020009,1.0
11.0,0.018032669,0.100000001490116,0.289688649,1.870613115,1020010,1.0
11.0,0.018032669,0.0240000002086163,0.289688649,1.870613115,1020011,1.0
11.0,0.008029022,0.0210000015795231,0.200683888,3.139408422,1020012,1.0
11.0,0.008029022,0.0210000015795231,0.200683888,3.139408422,1020013,0.0
11.0,0.008029022,0.0300000011920929,0.200683888,3.139408422,1020014,2.0
11.0,0.008029022,0.063000001013279,0.200683888,3.139408422,1020015,0.0
11.0,0.018032669,1.58100008964539,0.289688649,1.870613115,1020016,54.0
11.0,0.018032669,0.0260000005364418,0.289688649,1.870613115,1020017,1.0
11.0,0.018032669,0.0230000019073486,0.289688649,1.870613115,1020018,1.0
11.0,0.008029022,0.0200000014156103,0.200683888,3.139408422,1020019,0.0
11.0,0.008029022,0.0200000014156103,0.200683888,3.139408422,1020020,1.0
11.0,0.008029022,0.0230000019073486,0.200683888,3.139408422,1020021,0.0
11.0,0.014227434177305,0.0640000030398369,0.308697622574468,2.08281858234043,1020022,4.0
11.0,0.018032669,0.0270000007003546,0.289688649,1.870613115,1020023,1.0
11.0,0.018032669,0.025000000372529,0.289688649,1.870613115,1020024,1.0
11.0,0.018032669,0.0240000002086163,0.289688649,1.870613115,1020025,1.0
11.0,0.008029022,0.0200000014156103,0.200683888,3.139408422,1020026,0.0
11.0,0.008029022,0.0190000012516975,0.200683888,3.139408422,1020027,0.0
11.0,0.008029022,0.0640000030398369,0.200683888,3.139408422,1020028,3.0
11.0,0.008029022,0.0230000019073486,0.200683888,3.139408422,1020029,1.0
15.0,0.003077097,0.0240000002086163,0.255397642,0.180894719,1020030,8.0
15.0,0.003077097,0.0240000002086163,0.255397642,0.180894719,1020031,8.0
11.0,0.008029022,0.0200000014156103,0.200683888,3.139408422,1020032,0.0
11.0,0.008029022,0.0200000014156103,0.200683888,3.139408422,1020033,0.0
11.0,0.014227434177305,0.0180000010877848,0.308697622574468,2.08281858234043,1020034,3.0
11.0,0.008029022,0.0200000014156103,0.200683888,3.139408422,1020035,0.0
11.0,0.008029022,0.0220000017434359,0.200683888,3.139408422,1020036,0.0
15.0,0.003077097,0.0230000019073486,0.255397642,0.180894719,1020037,8.0
15.0,0.003077097,0.0240000002086163,0.255397642,0.180894719,1020038,8.0
11.0,0.008029022,0.0200000014156103,0.200683888,3.139408422,1020039,0.0
11.0,0.008029022,0.0210000015795231,0.200683888,3.139408422,1020040,0.0
11.0,0.008029022,0.0220000017434359,0.200683888,3.139408422,1020041,1.0
11.0,0.023557925,0.0210000015795231,0.412967643,1.607837398,1020042,1.0
11.0,0.023557925,0.0210000015795231,0.412967643,1.607837398,1020043,1.0
11.0,0.023557925,0.0220000017434359,0.412967643,1.607837398,1020044,1.0
11.0,0.023557925,0.0200000014156103,0.412967643,1.607837398,1020045,1.0
11.0,0.023557925,0.0180000010877848,0.412967643,1.607837398,1020046,3.0
11.0,0.023557925,0.0220000017434359,0.412967643,1.607837398,1020047,1.0
15.0,0.01171857,0.0240000002086163,0.443976272,0.29345341,1020048,8.0
15.0,0.01171857,0.0230000019073486,0.443976272,0.29345341,1020049,8.0
15.0,0.01171857,0.0240000002086163,0.443976272,0.29345341,1020050,8.0
11.0,0.023557925,0.0200000014156103,0.412967643,1.607837398,1020051,1.0
11.0,0.023557925,0.017000000923872,0.412967643,1.607837398,1020052,3.0
11.0,0.023557925,0.0200000014156103,0.412967643,1.607837398,1020053,1.0
15.0,0.01171857,0.0230000019073486,0.443976272,0.29345341,1020054,8.0
15.0,0.01171857,0.0320000015199184,0.443976272,0.29345341,1020055,8.0
15.0,0.01171857,0.0230000019073486,0.443976272,0.29345341,1020056,8.0
11.0,0.023557925,0.0210000015795231,0.412967643,1.607837398,1020057,1.0
11.0,0.023557925,0.0190000012516975,0.412967643,1.607837398,1020058,1.0
11.0,0.023557925,0.0200000014156103,0.412967643,1.607837398,1020059,1.0
11.0,0.023557925,0.0200000014156103,0.412967643,1.607837398,1020060,1.0
15.0,0.01171857,0.0230000019073486,0.443976272,0.29345341,1020061,8.0
15.0,0.01171857,0.0230000019073486,0.443976272,0.29345341,1020062,8.0
15.0,0.01171857,0.0240000002086163,0.443976272,0.29345341,1020063,8.0
11.0,0.023557925,0.0210000015795231,0.412967643,1.607837398,1020064,1.0
11.0,0.023557925,0.0210000015795231,0.412967643,1.607837398,1020065,1.0
11.0,0.023557925,0.0210000015795231,0.412967643,1.607837398,1020066,1.0
15.0,0.006938126,0.0220000017434359,0.312429793,0.256855537,1020067,8.0
15.0,0.006938126,0.0240000002086163,0.312429793,0.256855537,1020068,8.0
15.0,0.006938126,0.0210000015795231,0.312429793,0.256855537,1020069,8.0
15.0,0.006938126,0.0230000019073486,0.312429793,0.256855537,1020070,8.0
11.0,0.009816934,0.0220000017434359,0.412866192,4.818924741,1020071,8.0
11.0,0.009816934,0.0230000019073486,0.412866192,4.818924741,1020072,8.0
11.0,0.009816934,0.0220000017434359,0.412866192,4.818924741,1020073,8.0
11.0,0.009816934,0.0220000017434359,0.412866192,4.818924741,1020074,8.0
11.0,0.015415187,0.0200000014156103,0.27859918,2.171598372,1020075,8.0
11.0,0.015415187,0.0210000015795231,0.27859918,2.171598372,1020076,8.0
11.0,0.015415187,0.0230000019073486,0.27859918,2.171598372,1020077,8.0
11.0,0.015415187,0.0230000019073486,0.27859918,2.171598372,1020078,8.0
11.0,0.009816934,0.0230000019073486,0.412866192,4.818924741,1020079,8.0
11.0,0.015415187,0.0210000015795231,0.27859918,2.171598372,1020080,8.0
11.0,0.015415187,0.0640000030398369,0.27859918,2.171598372,1020081,4.0
11.0,0.015415187,0.0220000017434359,0.27859918,2.171598372,1020082,8.0
11.0,0.015415187,0.0230000019073486,0.27859918,2.171598372,1020083,8.0
11.0,0.022598009,0.0230000019073486,0.222224847,4.878008791,1020084,8.0
11.0,0.022598009,0.0260000005364418,0.222224847,4.878008791,1020085,8.0
11.0,0.014227434177305,0.0230000019073486,0.308697622574468,2.08281858234043,1020086,8.0
11.0,0.014227434177305,0.0230000019073486,0.308697622574468,2.08281858234043,1020087,8.0
15.0,0.011216139,0.0220000017434359,0.323202834,0.759017897,1020088,8.0
15.0,0.011216139,0.0200000014156103,0.323202834,0.759017897,1020089,8.0
15.0,0.011216139,0.0230000019073486,0.323202834,0.759017897,1020090,8.0
11.0,0.015415187,0.0230000019073486,0.27859918,2.171598372,1020091,8.0
11.0,0.015415187,0.0210000015795231,0.27859918,2.171598372,1020092,8.0
11.0,0.015415187,0.0210000015795231,0.27859918,2.171598372,1020093,8.0
11.0,0.022598009,0.0220000017434359,0.222224847,4.878008791,1020094,8.0
11.0,0.022598009,0.0230000019073486,0.222224847,4.878008791,1020095,8.0
11.0,0.022598009,0.025000000372529,0.222224847,4.878008791,1020096,8.0
11.0,0.022598009,0.0300000011920929,0.222224847,4.878008791,1020097,8.0
11.0,0.022598009,0.0270000007003546,0.222224847,4.878008791,1020098,8.0
11.0,0.014227434177305,0.0220000017434359,0.308697622574468,2.08281858234043,1020099,8.0
11.0,0.014227434177305,0.0220000017434359,0.308697622574468,2.08281858234043,1020100,8.0
15.0,0.014164721,0.0240000002086163,0.338815817,0.85430692,1020101,8.0
15.0,0.014164721,0.0230000019073486,0.338815817,0.85430692,1020102,8.0
15.0,0.014164721,0.0240000002086163,0.338815817,0.85430692,1020103,8.0
15.0,0.011216139,0.0230000019073486,0.323202834,0.759017897,1020104,8.0
15.0,0.011216139,0.0640000030398369,0.323202834,0.759017897,1020105,6.0
15.0,0.011216139,0.0230000019073486,0.323202834,0.759017897,1020106,8.0
11.0,0.022598009,0.0220000017434359,0.222224847,4.878008791,1020107,8.0
11.0,0.022598009,0.10300000756979,0.222224847,4.878008791,1020108,2.0
11.0,0.022598009,0.0280000008642673,0.222224847,4.878008791,1020109,8.0
11.0,0.014227434177305,0.0230000019073486,0.308697622574468,2.08281858234043,1020110,8.0
11.0,0.014227434177305,0.0210000015795231,0.308697622574468,2.08281858234043,1020111,8.0
15.0,0.014164721,0.0230000019073486,0.338815817,0.85430692,1020112,8.0
15.0,0.014164721,0.0240000002086163,0.338815817,0.85430692,1020113,8.0
15.0,0.014164721,0.0230000019073486,0.338815817,0.85430692,1020114,8.0
15.0,0.014164721,0.0240000002086163,0.338815817,0.85430692,1020115,8.0
15.0,0.011216139,0.0230000019073486,0.323202834,0.759017897,1020116,8.0
15.0,0.011216139,0.0230000019073486,0.323202834,0.759017897,1020117,8.0
15.0,0.011216139,0.0230000019073486,0.323202834,0.759017897,1020118,8.0
11.0,0.022598009,0.0220000017434359,0.222224847,4.878008791,1020119,8.0
11.0,0.022598009,0.0210000015795231,0.222224847,4.878008791,1020120,8.0
11.0,0.022598009,0.0260000005364418,0.222224847,4.878008791,1020121,8.0
11.0,0.022598009,0.0240000002086163,0.222224847,4.878008791,1020122,8.0
11.0,0.005841922,0.0220000017434359,0.343187156,1.008940712,1020123,8.0
11.0,0.005841922,0.0230000019073486,0.343187156,1.008940712,1020124,8.0
15.0,0.014164721,0.0230000019073486,0.338815817,0.85430692,1020125,8.0
15.0,0.014164721,0.0230000019073486,0.338815817,0.85430692,1020126,8.0
15.0,0.014164721,0.0230000019073486,0.338815817,0.85430692,1020127,8.0
11.0,0.022598009,0.0220000017434359,0.222224847,4.878008791,1020128,8.0
11.0,0.022598009,0.0210000015795231,0.222224847,4.878008791,1020129,8.0
11.0,0.022598009,0.0210000015795231,0.222224847,4.878008791,1020130,8.0
11.0,0.022598009,0.0270000007003546,0.222224847,4.878008791,1020131,8.0
11.0,0.022598009,0.0240000002086163,0.222224847,4.878008791,1020132,8.0
11.0,0.005841922,0.0220000017434359,0.343187156,1.008940712,1020133,8.0
11.0,0.005841922,0.0230000019073486,0.343187156,1.008940712,1020134,8.0
11.0,0.005841922,0.0230000019073486,0.343187156,1.008940712,1020135,8.0
11.0,0.005841922,0.0230000019073486,0.343187156,1.008940712,1020136,8.0
15.0,0.010114568,0.0230000019073486,0.416795718,0.819898063,1020137,8.0
15.0,0.010114568,0.0230000019073486,0.416795718,0.819898063,1020138,8.0
15.0,0.008062188,0.0220000017434359,0.303868383,0.689983264,1020139,8.0
15.0,0.008062188,0.0210000015795231,0.303868383,0.689983264,1020140,8.0
15.0,0.014164721,0.0240000002086163,0.338815817,0.85430692,1020141,8.0
15.0,0.014164721,0.0230000019073486,0.338815817,0.85430692,1020142,8.0
15.0,0.014164721,0.0240000002086163,0.338815817,0.85430692,1020143,8.0
11.0,0.005841922,0.0220000017434359,0.343187156,1.008940712,1020144,8.0
11.0,0.005841922,0.0230000019073486,0.343187156,1.008940712,1020145,8.0
15.0,0.010114568,0.0230000019073486,0.416795718,0.819898063,1020146,8.0
15.0,0.010114568,0.0230000019073486,0.416795718,0.819898063,1020147,8.0
15.0,0.008062188,0.0230000019073486,0.303868383,0.689983264,1020148,8.0
15.0,0.008062188,0.0230000019073486,0.303868383,0.689983264,1020149,8.0
11.0,0.014227434177305,0.0230000019073486,0.308697622574468,2.08281858234043,1020150,8.0
11.0,0.014227434177305,0.0230000019073486,0.308697622574468,2.08281858234043,1020151,8.0
11.0,0.014227434177305,0.0230000019073486,0.308697622574468,2.08281858234043,1020152,8.0
11.0,0.014227434177305,0.0220000017434359,0.308697622574468,2.08281858234043,1020153,8.0
11.0,0.014227434177305,0.0230000019073486,0.308697622574468,2.08281858234043,1020154,8.0
11.0,0.014227434177305,0.0220000017434359,0.308697622574468,2.08281858234043,1020155,8.0
16.0,0.001592882,0.0240000002086163,0.323602438,8.339041649,1030001,0.0
16.0,0.001592882,0.0240000002086163,0.323602438,8.339041649,1030002,0.0
16.0,0.001592882,0.0240000002086163,0.323602438,8.339041649,1030003,0.0
16.0,0.001592882,0.0240000002086163,0.323602438,8.339041649,1030004,0.0
16.0,0.001592882,0.0240000002086163,0.323602438,8.339041649,1030005,0.0
16.0,0.001592882,0.0240000002086163,0.323602438,8.339041649,1030006,0.0
16.0,0.047665019,0.0280000008642673,0.489266219,14.66198006,1030007,0.0
16.0,0.047665019,0.0290000010281801,0.489266219,14.66198006,1030008,0.0
16.0,0.032180039,0.0270000007003546,0.47369867,9.980462497,1030009,0.0
16.0,0.047665019,0.0280000008642673,0.489266219,14.66198006,1030010,0.0
16.0,0.032180039,0.025000000372529,0.47369867,9.980462497,1030011,0.0
16.0,0.047665019,0.0290000010281801,0.489266219,14.66198006,1030012,0.0
16.0,0.032180039,0.0270000007003546,0.47369867,9.980462497,1030013,0.0
16.0,0.060328305,0.0300000011920929,0.418213368,3.113249096,1030014,0.0
16.0,0.060328305,0.0640000030398369,0.418213368,3.113249096,1030015,1.0
16.0,0.032180039,0.0270000007003546,0.47369867,9.980462497,1030016,0.0
16.0,0.032180039,0.0270000007003546,0.47369867,9.980462497,1030017,0.0
16.0,0.060328305,0.0270000007003546,0.418213368,3.113249096,1030018,0.0
16.0,0.060328305,0.0360000021755695,0.418213368,3.113249096,1030019,0.0
16.0,0.027084563,0.14750000834465,0.535143494727273,8.59057365845455,1030020,1.0
16.0,0.026273982,0.0300000011920929,0.436371401,15.586793922,1030021,0.0
16.0,0.060328305,0.0300000011920929,0.418213368,3.113249096,1030022,0.0
16.0,0.060328305,0.0640000030398369,0.418213368,3.113249096,1030023,1.0
16.0,0.026273982,0.0280000008642673,0.436371401,15.586793922,1030024,0.0
16.0,0.060328305,0.0280000008642673,0.418213368,3.113249096,1030025,0.0
16.0,0.060328305,0.0420000031590462,0.418213368,3.113249096,1030026,0.0
16.0,0.026273982,0.0300000011920929,0.436371401,15.586793922,1030027,0.0
16.0,0.016670297,0.0274999998509884,0.203418286,1.80510021,1030028,0.0
16.0,0.026273982,0.0270000007003546,0.436371401,15.586793922,1030029,0.0
16.0,0.023729598,0.0240000002086163,0.771424701,8.470970011,1030030,0.0
16.0,0.023729598,0.025000000372529,0.771424701,8.470970011,1030031,0.0
16.0,0.023729598,0.0240000002086163,0.771424701,8.470970011,1030032,0.0
16.0,0.023729598,0.025000000372529,0.771424701,8.470970011,1030033,1.0
16.0,0.023729598,0.025000000372529,0.771424701,8.470970011,1030034,0.0
16.0,0.023729598,0.025000000372529,0.771424701,8.470970011,1030035,0.0
16.0,0.023729598,0.0450000017881393,0.771424701,8.470970011,1030036,1.0
16.0,0.023729598,0.025000000372529,0.771424701,8.470970011,1030037,0.0
16.0,0.023729598,0.0240000002086163,0.771424701,8.470970011,1030038,0.0
16.0,0.023729598,0.025000000372529,0.771424701,8.470970011,1030039,0.0
16.0,0.023729598,0.025000000372529,0.771424701,8.470970011,1030040,0.0
16.0,0.023729598,0.0240000002086163,0.771424701,8.470970011,1030041,0.0
16.0,0.010952659,0.0240000002086163,0.61282549,9.413253274,1030042,0.0
16.0,0.010952659,0.0240000002086163,0.61282549,9.413253274,1030043,0.0
16.0,0.010952659,0.025000000372529,0.61282549,9.413253274,1030044,0.0
16.0,0.010952659,0.025000000372529,0.61282549,9.413253274,1030045,0.0
16.0,0.010952659,0.0230000019073486,0.61282549,9.413253274,1030046,0.0
16.0,0.010952659,0.0240000002086163,0.61282549,9.413253274,1030047,0.0
16.0,0.010952659,0.0270000007003546,0.61282549,9.413253274,1030048,0.0
16.0,0.010952659,0.0240000002086163,0.61282549,9.413253274,1030049,0.0
16.0,0.010952659,0.0240000002086163,0.61282549,9.413253274,1030050,0.0
16.0,0.010952659,0.0230000019073486,0.61282549,9.413253274,1030051,0.0
16.0,0.010952659,0.0240000002086163,0.61282549,9.413253274,1030052,0.0
16.0,0.029726578,0.0240000002086163,0.46823293,4.910343446,1030053,0.0
16.0,0.029726578,0.0280000008642673,0.46823293,4.910343446,1030054,0.0
16.0,0.029726578,0.0230000019073486,0.46823293,4.910343446,1030055,0.0
16.0,0.029726578,0.0230000019073486,0.46823293,4.910343446,1030056,0.0
15.0,0.023097173,0.0240000002086163,0.266201169,10.894035467,1040001,8.0
15.0,0.023097173,0.0260000005364418,0.266201169,10.894035467,1040002,8.0
15.0,0.023097173,0.0270000007003546,0.266201169,10.894035467,1040003,8.0
15.0,0.023097173,0.034000001847744,0.266201169,10.894035467,1040004,0.0
15.0,0.023097173,0.0240000002086163,0.266201169,10.894035467,1040005,0.0
15.0,0.023097173,0.0240000002086163,0.266201169,10.894035467,1040006,8.0
20.0,0.006535042,0.0440000034868717,0.374829206,14.258659167,1050001,1.0
20.0,0.006535042,0.0450000017881393,0.374829206,14.258659167,1050002,2.0
20.0,0.006535042,0.0440000034868717,0.374829206,14.258659167,1050003,1.0
20.0,0.006535042,0.0470000021159649,0.374829206,14.258659167,1050004,1.0
20.0,0.006535042,0.0430000014603138,0.374829206,14.258659167,1050005,1.0
20.0,0.006535042,0.0430000014603138,0.374829206,14.258659167,1050006,1.0
18.0,0.015052925,0.0450000017881393,0.649350142,18.499196001,1050007,0.0
18.0,0.015052925,0.0450000017881393,0.649350142,18.499196001,1050008,1.0
18.0,0.015052925,0.0460000038146973,0.649350142,18.499196001,1050009,1.0
18.0,0.015052925,0.0450000017881393,0.649350142,18.499196001,1050010,1.0
18.0,0.015052925,0.0440000034868717,0.649350142,18.499196001,1050011,1.0
18.0,0.015052925,0.0440000034868717,0.649350142,18.499196001,1050012,1.0
13.0,0.015503088,0.034000001847744,0.318436646,2.708596294,1050013,2.0
13.0,0.015503088,0.034000001847744,0.318436646,2.708596294,1050014,2.0
13.0,0.015503088,0.0400000028312206,0.318436646,2.708596294,1050015,2.0
13.0,0.015503088,0.0370000004768372,0.318436646,2.708596294,1050016,2.0
13.0,0.015503088,0.0360000021755695,0.318436646,2.708596294,1050017,2.0
13.0,0.015503088,0.0620000027120113,0.318436646,2.708596294,1050018,2.0
13.0,0.015503088,0.034000001847744,0.318436646,2.708596294,1050019,1.0
13.0,0.015503088,0.034000001847744,0.318436646,2.708596294,1050020,1.0
13.0,0.015503088,0.0400000028312206,0.318436646,2.708596294,1050021,1.0
20.0,0.038035868,0.0370000004768372,0.245438851,5.458722946,1050022,1.0
20.0,0.038035868,0.0370000004768372,0.245438851,5.458722946,1050023,1.0
20.0,0.038035868,0.126000002026558,0.245438851,5.458722946,1050024,2.0
20.0,0.038035868,0.0400000028312206,0.245438851,5.458722946,1050025,1.0
20.0,0.038035868,0.0450000017881393,0.245438851,5.458722946,1050026,1.0
20.0,0.038035868,0.0400000028312206,0.245438851,5.458722946,1050027,1.0
20.0,0.038035868,0.0740000009536743,0.245438851,5.458722946,1050028,1.0
20.0,0.038035868,0.0380000025033951,0.245438851,5.458722946,1050029,1.0
20.0,0.038035868,0.0370000004768372,0.245438851,5.458722946,1050030,2.0
18.0,0.024599999,0.0480000004172325,0.342209431,0.028295968,1050031,2.0
18.0,0.024599999,0.0530000030994415,0.342209431,0.028295968,1050032,1.0
11.0,0.040262808,0.025000000372529,0.478020847,6.185408848,1060001,11.0
11.0,0.040262808,0.0290000010281801,0.478020847,6.185408848,1060002,3.0
11.0,0.040262808,0.0320000015199184,0.478020847,6.185408848,1060003,3.0
11.0,0.040262808,0.0280000008642673,0.478020847,6.185408848,1060004,3.0
11.0,0.040262808,0.0260000005364418,0.478020847,6.185408848,1060005,3.0
11.0,0.040262808,0.025000000372529,0.478020847,6.185408848,1060006,11.0
11.0,0.040262808,0.0280000008642673,0.478020847,6.185408848,1060007,3.0
11.0,0.040262808,0.0840000063180923,0.478020847,6.185408848,1060008,15.0
11.0,0.040262808,0.0400000028312206,0.478020847,6.185408848,1060009,1.0
11.0,0.040262808,0.0270000007003546,0.478020847,6.185408848,1060010,3.0
11.0,0.040262808,0.0240000002086163,0.478020847,6.185408848,1060011,11.0
11.0,0.040262808,0.0270000007003546,0.478020847,6.185408848,1060012,3.0
11.0,0.040262808,0.0760000050067902,0.478020847,6.185408848,1060013,14.0
11.0,0.040262808,0.0820000022649765,0.478020847,6.185408848,1060014,14.0
11.0,0.040262808,0.0270000007003546,0.478020847,6.185408848,1060015,3.0
11.0,0.040262808,0.0280000008642673,0.478020847,6.185408848,1060016,4.0
11.0,0.040262808,0.0400000028312206,0.478020847,6.185408848,1060017,5.0
11.0,0.040262808,0.0390000008046627,0.478020847,6.185408848,1060018,12.0
11.0,0.040262808,0.0260000005364418,0.478020847,6.185408848,1060019,3.0
11.0,0.040262808,0.0220000017434359,0.478020847,6.185408848,1060020,11.0
11.0,0.040262808,0.0260000005364418,0.478020847,6.185408848,1060021,4.0
11.0,0.040262808,0.0240000002086163,0.478020847,6.185408848,1060022,11.0
11.0,0.040262808,0.0240000002086163,0.478020847,6.185408848,1060023,11.0
