"PolygonID","PixelID"
"gbr_4",1000169
"gbr_4",1000175
"gbr_4",1000187
"gbr_4",1000198
"gbr_4",1000209
"gbr_4",1000220
"gbr_4",1000244
"gbr_4",1000470
"gbr_4",1000515
"gbr_4",1000680
"gbr_4",1000741
"gbr_4",1000815
"gbr_4",1000891
"gbr_4",1000969
"gbr_4",1001055
"gbr_4",1001225
"gbr_4",1001302
"gbr_4",1001374
"gbr_4",1001437
"gbr_4",1001499
"gbr_4",1000168
"gbr_4",1000174
"gbr_4",1000186
"gbr_4",1000197
"gbr_4",1000208
"gbr_4",1000348
"gbr_4",1000389
"gbr_4",1000431
"gbr_4",1000469
"gbr_4",1000564
"gbr_4",1000622
"gbr_4",1000814
"gbr_4",1000890
"gbr_4",1000968
"gbr_4",1001054
"gbr_4",1001140
"gbr_4",1001224
"gbr_4",1001301
"gbr_4",1001436
"gbr_4",1001498
"gbr_4",1001550
"gbr_4",1000167
"gbr_4",1000173
"gbr_4",1000185
"gbr_4",1000196
"gbr_4",1000273
"gbr_4",1000298
"gbr_4",1000347
"gbr_4",1000388
"gbr_4",1000563
"gbr_4",1000621
"gbr_4",1000679
"gbr_4",1000740
"gbr_4",1000813
"gbr_4",1000889
"gbr_4",1000967
"gbr_4",1001053
"gbr_4",1001139
"gbr_4",1001223
"gbr_4",1001300
"gbr_4",1001373
"gbr_4",1001435
"gbr_4",1001497
"gbr_4",1001549
"gbr_4",1000166
"gbr_4",1000184
"gbr_4",1000195
"gbr_4",1000207
"gbr_4",1000272
"gbr_4",1000297
"gbr_4",1000562
"gbr_4",1000620
"gbr_4",1000678
"gbr_4",1000739
"gbr_4",1000812
"gbr_4",1000888
"gbr_4",1000966
"gbr_4",1001052
"gbr_4",1001222
"gbr_4",1001299
"gbr_4",1001372
"gbr_4",1001496
"gbr_4",1001548
"gbr_4",1000165
"gbr_4",1000172
"gbr_4",1000183
"gbr_4",1000206
"gbr_4",1000387
"gbr_4",1000430
"gbr_4",1000468
"gbr_4",1000514
"gbr_4",1000561
"gbr_4",1000619
"gbr_4",1000677
"gbr_4",1000738
"gbr_4",1000811
"gbr_4",1000887
"gbr_4",1000965
"gbr_4",1001051
"gbr_4",1001138
"gbr_4",1001221
"gbr_4",1001298
"gbr_4",1001495
"gbr_4",1001547
"gbr_4",1000171
"gbr_4",1000182
"gbr_4",1000194
"gbr_4",1000386
"gbr_4",1000429
"gbr_4",1000467
"gbr_4",1000513
"gbr_4",1000560
"gbr_4",1000618
"gbr_4",1000676
"gbr_4",1000737
"gbr_4",1000810
"gbr_4",1000886
"gbr_4",1000964
"gbr_4",1001050
"gbr_4",1001137
"gbr_4",1001220
"gbr_4",1001494
"gbr_4",1001546
"gbr_4",1001592
"gbr_4",1000193
"gbr_4",1000205
"gbr_4",1000385
"gbr_4",1000512
"gbr_4",1000559
"gbr_4",1000617
"gbr_4",1000675
"gbr_4",1000736
"gbr_4",1000809
"gbr_4",1000885
"gbr_4",1000963
"gbr_4",1001049
"gbr_4",1001136
"gbr_4",1001219
"gbr_4",1001545
"gbr_4",1001591
"gbr_4",1000204
"gbr_4",1000296
"gbr_4",1000346
"gbr_4",1000384
"gbr_4",1000466
"gbr_4",1000511
"gbr_4",1000558
"gbr_4",1000616
"gbr_4",1000674
"gbr_4",1000735
"gbr_4",1000808
"gbr_4",1000884
"gbr_4",1000962
"gbr_4",1001048
"gbr_4",1001135
"gbr_4",1001218
"gbr_4",1001297
"gbr_4",1001493
"gbr_4",1001544
"gbr_4",1001590
"gbr_4",1000203
"gbr_4",1000219
"gbr_4",1000295
"gbr_4",1000322
"gbr_4",1000345
"gbr_4",1000383
"gbr_4",1000510
"gbr_4",1000557
"gbr_4",1000615
"gbr_4",1000673
"gbr_4",1000734
"gbr_4",1000807
"gbr_4",1000883
"gbr_4",1000961
"gbr_4",1001047
"gbr_4",1001134
"gbr_4",1001217
"gbr_4",1001296
"gbr_4",1001492
"gbr_4",1001543
"gbr_4",1001589
"gbr_4",1000202
"gbr_4",1000218
"gbr_4",1000243
"gbr_4",1000294
"gbr_4",1000321
"gbr_4",1000344
"gbr_4",1000382
"gbr_4",1000428
"gbr_4",1000465
"gbr_4",1000509
"gbr_4",1000556
"gbr_4",1000614
"gbr_4",1000672
"gbr_4",1000733
"gbr_4",1000806
"gbr_4",1000882
"gbr_4",1000960
"gbr_4",1001046
"gbr_4",1001133
"gbr_4",1001216
"gbr_4",1001295
"gbr_4",1001371
"gbr_4",1001491
"gbr_4",1001542
"gbr_4",1001588
"gbr_4",1001619
"gbr_4",1000217
"gbr_4",1000320
"gbr_4",1000343
"gbr_4",1000381
"gbr_4",1000427
"gbr_4",1000464
"gbr_4",1000508
"gbr_4",1000555
"gbr_4",1000613
"gbr_4",1000671
"gbr_4",1000732
"gbr_4",1000805
"gbr_4",1000881
"gbr_4",1000959
"gbr_4",1001045
"gbr_4",1001132
"gbr_4",1001215
"gbr_4",1001294
"gbr_4",1001370
"gbr_4",1001541
"gbr_4",1001587
"gbr_4",1000216
"gbr_4",1000242
"gbr_4",1000271
"gbr_4",1000293
"gbr_4",1000319
"gbr_4",1000463
"gbr_4",1000507
"gbr_4",1000554
"gbr_4",1000612
"gbr_4",1000670
"gbr_4",1000731
"gbr_4",1000804
"gbr_4",1000880
"gbr_4",1000958
"gbr_4",1001044
"gbr_4",1001131
"gbr_4",1001214
"gbr_4",1001293
"gbr_4",1001369
"gbr_4",1001434
"gbr_4",1001490
"gbr_4",1001540
"gbr_4",1001586
"gbr_4",1001618
"gbr_4",1000215
"gbr_4",1000241
"gbr_4",1000270
"gbr_4",1000318
"gbr_4",1000342
"gbr_4",1000380
"gbr_4",1000426
"gbr_4",1000462
"gbr_4",1000506
"gbr_4",1000553
"gbr_4",1000611
"gbr_4",1000669
"gbr_4",1000730
"gbr_4",1000803
"gbr_4",1000879
"gbr_4",1000957
"gbr_4",1001043
"gbr_4",1001130
"gbr_4",1001213
"gbr_4",1001292
"gbr_4",1001368
"gbr_4",1001489
"gbr_4",1001539
"gbr_4",1001585
"gbr_4",1000214
"gbr_4",1000317
"gbr_4",1000341
"gbr_4",1000379
"gbr_4",1000425
"gbr_4",1000461
"gbr_4",1000505
"gbr_4",1000552
"gbr_4",1000610
"gbr_4",1000668
"gbr_4",1000729
"gbr_4",1000802
"gbr_4",1000878
"gbr_4",1000956
"gbr_4",1001042
"gbr_4",1001129
"gbr_4",1001212
"gbr_4",1001291
"gbr_4",1001367
"gbr_4",1001433
"gbr_4",1001488
"gbr_4",1001538
"gbr_4",1001584
"gbr_4",1000240
"gbr_4",1000292
"gbr_4",1000316
"gbr_4",1000340
"gbr_4",1000378
"gbr_4",1000424
"gbr_4",1000504
"gbr_4",1000551
"gbr_4",1000609
"gbr_4",1000728
"gbr_4",1000801
"gbr_4",1000877
"gbr_4",1000955
"gbr_4",1001041
"gbr_4",1001128
"gbr_4",1001211
"gbr_4",1001290
"gbr_4",1001432
"gbr_4",1001487
"gbr_4",1001537
"gbr_4",1000239
"gbr_4",1000269
"gbr_4",1000315
"gbr_4",1000339
"gbr_4",1000377
"gbr_4",1000423
"gbr_4",1000460
"gbr_4",1000503
"gbr_4",1000550
"gbr_4",1000608
"gbr_4",1000667
"gbr_4",1000727
"gbr_4",1000800
"gbr_4",1000876
"gbr_4",1000954
"gbr_4",1001040
"gbr_4",1001127
"gbr_4",1001210
"gbr_4",1001289
"gbr_4",1001431
"gbr_4",1001486
"gbr_4",1001536
"gbr_4",1001583
"gbr_4",1001617
"gbr_4",1000213
"gbr_4",1000238
"gbr_4",1000314
"gbr_4",1000338
"gbr_4",1000376
"gbr_4",1000422
"gbr_4",1000459
"gbr_4",1000502
"gbr_4",1000549
"gbr_4",1000607
"gbr_4",1000666
"gbr_4",1000726
"gbr_4",1000799
"gbr_4",1000875
"gbr_4",1000953
"gbr_4",1001039
"gbr_4",1001126
"gbr_4",1001209
"gbr_4",1001288
"gbr_4",1001366
"gbr_4",1001430
"gbr_4",1001485
"gbr_4",1001535
"gbr_4",1001582
"gbr_4",1001616
"gbr_4",1000237
"gbr_4",1000291
"gbr_4",1000313
"gbr_4",1000337
"gbr_4",1000375
"gbr_4",1000421
"gbr_4",1000458
"gbr_4",1000501
"gbr_4",1000548
"gbr_4",1000606
"gbr_4",1000665
"gbr_4",1000725
"gbr_4",1000798
"gbr_4",1000874
"gbr_4",1000952
"gbr_4",1001038
"gbr_4",1001208
"gbr_4",1001287
"gbr_4",1001365
"gbr_4",1001429
"gbr_4",1001484
"gbr_4",1001534
"gbr_4",1001581
"gbr_4",1001615
"gbr_4",1000212
"gbr_4",1000236
"gbr_4",1000268
"gbr_4",1000290
"gbr_4",1000312
"gbr_4",1000374
"gbr_4",1000420
"gbr_4",1000457
"gbr_4",1000500
"gbr_4",1000605
"gbr_4",1000664
"gbr_4",1000724
"gbr_4",1000797
"gbr_4",1000873
"gbr_4",1000951
"gbr_4",1001037
"gbr_4",1001125
"gbr_4",1001286
"gbr_4",1001364
"gbr_4",1001428
"gbr_4",1001483
"gbr_4",1001533
"gbr_4",1001580
"gbr_4",1000235
"gbr_4",1000267
"gbr_4",1000289
"gbr_4",1000311
"gbr_4",1000373
"gbr_4",1000419
"gbr_4",1000456
"gbr_4",1000499
"gbr_4",1000547
"gbr_4",1000604
"gbr_4",1000663
"gbr_4",1000723
"gbr_4",1000796
"gbr_4",1000872
"gbr_4",1000950
"gbr_4",1001036
"gbr_4",1001124
"gbr_4",1001285
"gbr_4",1001363
"gbr_4",1001482
"gbr_4",1001532
"gbr_4",1001579
"gbr_4",1000418
"gbr_4",1000546
"gbr_4",1000603
"gbr_4",1000662
"gbr_4",1000722
"gbr_4",1000795
"gbr_4",1000871
"gbr_4",1000949
"gbr_4",1001035
"gbr_4",1001362
"gbr_4",1001481
"gbr_4",1001531
"gbr_4",1001578
"gbr_4",1000266
"gbr_4",1000288
"gbr_4",1000417
"gbr_4",1000455
"gbr_4",1000498
"gbr_4",1000545
"gbr_4",1000602
"gbr_4",1000661
"gbr_4",1000721
"gbr_4",1000794
"gbr_4",1000870
"gbr_4",1000948
"gbr_4",1001361
"gbr_4",1001480
"gbr_4",1001530
"gbr_4",1001577
"gbr_4",1001614
"gbr_4",1000234
"gbr_4",1000265
"gbr_4",1000287
"gbr_4",1000336
"gbr_4",1000372
"gbr_4",1000454
"gbr_4",1000497
"gbr_4",1000544
"gbr_4",1000601
"gbr_4",1000660
"gbr_4",1000720
"gbr_4",1000793
"gbr_4",1000869
"gbr_4",1000947
"gbr_4",1001034
"gbr_4",1001123
"gbr_4",1001360
"gbr_4",1001427
"gbr_4",1001479
"gbr_4",1001529
"gbr_4",1001576
"gbr_4",1000233
"gbr_4",1000264
"gbr_4",1000286
"gbr_4",1000310
"gbr_4",1000371
"gbr_4",1000453
"gbr_4",1000496
"gbr_4",1000543
"gbr_4",1000600
"gbr_4",1000659
"gbr_4",1000719
"gbr_4",1000792
"gbr_4",1000868
"gbr_4",1000946
"gbr_4",1001033
"gbr_4",1001122
"gbr_4",1001207
"gbr_4",1001284
"gbr_4",1001359
"gbr_4",1001426
"gbr_4",1001478
"gbr_4",1001528
"gbr_4",1001575
"gbr_4",1001613
"gbr_4",1000232
"gbr_4",1000263
"gbr_4",1000285
"gbr_4",1000370
"gbr_4",1000495
"gbr_4",1000542
"gbr_4",1000599
"gbr_4",1000658
"gbr_4",1000718
"gbr_4",1000791
"gbr_4",1000867
"gbr_4",1000945
"gbr_4",1001032
"gbr_4",1001121
"gbr_4",1001206
"gbr_4",1001283
"gbr_4",1001358
"gbr_4",1001527
"gbr_4",1001574
"gbr_4",1001612
"gbr_4",1000416
"gbr_4",1000452
"gbr_4",1000494
"gbr_4",1000541
"gbr_4",1000598
"gbr_4",1000657
"gbr_4",1000717
"gbr_4",1000790
"gbr_4",1000866
"gbr_4",1000944
"gbr_4",1001031
"gbr_4",1001120
"gbr_4",1001205
"gbr_4",1001282
"gbr_4",1001357
"gbr_4",1001477
"gbr_4",1001526
"gbr_4",1000451
"gbr_4",1000493
"gbr_4",1000540
"gbr_4",1000597
"gbr_4",1000656
"gbr_4",1000716
"gbr_4",1000789
"gbr_4",1000865
"gbr_4",1000943
"gbr_4",1001030
"gbr_4",1001119
"gbr_4",1001204
"gbr_4",1001281
"gbr_4",1001356
"gbr_4",1001425
"gbr_4",1001476
"gbr_4",1001525
"gbr_4",1000450
"gbr_4",1000539
"gbr_4",1000596
"gbr_4",1000655
"gbr_4",1000715
"gbr_4",1000788
"gbr_4",1000864
"gbr_4",1000942
"gbr_4",1001029
"gbr_4",1001118
"gbr_4",1001203
"gbr_4",1001280
"gbr_4",1001355
"gbr_4",1001424
"gbr_4",1001475
"gbr_4",1000492
"gbr_4",1000538
"gbr_4",1000595
"gbr_4",1000654
"gbr_4",1000714
"gbr_4",1000787
"gbr_4",1000863
"gbr_4",1000941
"gbr_4",1001028
"gbr_4",1001117
"gbr_4",1001202
"gbr_4",1001279
"gbr_4",1001354
"gbr_4",1001423
"gbr_4",1001474
"gbr_4",1000449
"gbr_4",1000491
"gbr_4",1000537
"gbr_4",1000594
"gbr_4",1000653
"gbr_4",1000713
"gbr_4",1000786
"gbr_4",1000862
"gbr_4",1000940
"gbr_4",1001027
"gbr_4",1001116
"gbr_4",1001201
"gbr_4",1001278
"gbr_4",1001422
"gbr_4",1001473
"gbr_4",1000369
"gbr_4",1000415
"gbr_4",1000593
"gbr_4",1000652
"gbr_4",1000712
"gbr_4",1000785
"gbr_4",1000861
"gbr_4",1000939
"gbr_4",1001026
"gbr_4",1001115
"gbr_4",1001200
"gbr_4",1001277
"gbr_4",1001421
"gbr_4",1000368
"gbr_4",1000414
"gbr_4",1000448
"gbr_4",1000490
"gbr_4",1000536
"gbr_4",1000592
"gbr_4",1000651
"gbr_4",1000711
"gbr_4",1000784
"gbr_4",1000860
"gbr_4",1000938
"gbr_4",1001025
"gbr_4",1001114
"gbr_4",1001199
"gbr_4",1001276
"gbr_4",1001353
"gbr_4",1001420
"gbr_4",1000367
"gbr_4",1000447
"gbr_4",1000489
"gbr_4",1000535
"gbr_4",1000591
"gbr_4",1000650
"gbr_4",1000710
"gbr_4",1000783
"gbr_4",1000859
"gbr_4",1000937
"gbr_4",1001024
"gbr_4",1001113
"gbr_4",1001198
"gbr_4",1001275
"gbr_4",1001352
"gbr_4",1001419
"gbr_4",1000413
"gbr_4",1000534
"gbr_4",1000590
"gbr_4",1000649
"gbr_4",1000709
"gbr_4",1000782
"gbr_4",1000858
"gbr_4",1000936
"gbr_4",1001023
"gbr_4",1001112
"gbr_4",1001197
"gbr_4",1001274
"gbr_4",1001351
"gbr_4",1000412
"gbr_4",1000446
"gbr_4",1000488
"gbr_4",1000589
"gbr_4",1000648
"gbr_4",1000708
"gbr_4",1000781
"gbr_4",1000857
"gbr_4",1000935
"gbr_4",1001022
"gbr_4",1001111
"gbr_4",1001196
"gbr_4",1001273
"gbr_4",1001350
"gbr_4",1000487
"gbr_4",1000588
"gbr_4",1000647
"gbr_4",1000707
"gbr_4",1000780
"gbr_4",1000856
"gbr_4",1000934
"gbr_4",1001021
"gbr_4",1001110
"gbr_4",1001195
"gbr_4",1001272
"gbr_4",1001349
"gbr_4",1000587
"gbr_4",1000646
"gbr_4",1000706
"gbr_4",1000779
"gbr_4",1000855
"gbr_4",1000933
"gbr_4",1001020
"gbr_4",1001109
"gbr_4",1001194
"gbr_4",1000486
"gbr_4",1000533
"gbr_4",1000586
"gbr_4",1000645
"gbr_4",1000705
"gbr_4",1000778
"gbr_4",1000854
"gbr_4",1000932
"gbr_4",1001019
"gbr_4",1001108
"gbr_4",1001193
"gbr_4",1001271
"gbr_4",1000532
"gbr_4",1000585
"gbr_4",1000777
"gbr_4",1000853
"gbr_4",1000931
"gbr_4",1001018
"gbr_4",1001107
"gbr_4",1001192
"gbr_4",1001270
"gbr_4",1001348
"gbr_4",1000644
"gbr_4",1000704
"gbr_4",1000776
"gbr_4",1000852
"gbr_4",1000930
"gbr_4",1001017
"gbr_4",1001106
"gbr_4",1001191
"gbr_4",1001269
"gbr_4",1001347
"gbr_4",1000584
"gbr_4",1000643
"gbr_4",1000775
"gbr_4",1000851
"gbr_4",1000929
"gbr_4",1001016
"gbr_4",1001105
"gbr_4",1001190
"gbr_4",1001268
"gbr_4",1001346
"gbr_4",1000583
"gbr_4",1000703
"gbr_4",1000850
"gbr_4",1000928
"gbr_4",1001015
"gbr_4",1001104
"gbr_4",1001189
"gbr_4",1001267
"gbr_4",1001345
"gbr_4",1000582
"gbr_4",1000642
"gbr_4",1000702
"gbr_4",1000927
"gbr_4",1001014
"gbr_4",1001103
"gbr_4",1001188
"gbr_4",1001266
"gbr_4",1001344
"gbr_4",1000581
"gbr_4",1000641
"gbr_4",1000701
"gbr_4",1000774
"gbr_4",1000849
"gbr_4",1000926
"gbr_4",1001102
"gbr_4",1001187
"gbr_4",1001265
"gbr_4",1001343
"gbr_4",1000700
"gbr_4",1000773
"gbr_4",1000848
"gbr_4",1000925
"gbr_4",1001013
"gbr_4",1001101
"gbr_4",1001186
"gbr_4",1001264
"gbr_4",1001342
"gbr_4",1000699
"gbr_4",1000772
"gbr_4",1000847
"gbr_4",1000924
"gbr_4",1001012
"gbr_4",1001100
"gbr_4",1001185
"gbr_4",1001263
"gbr_4",1001341
"gbr_4",1000771
"gbr_4",1000846
"gbr_4",1000923
"gbr_4",1001011
"gbr_4",1001099
"gbr_4",1001184
"gbr_4",1001262
"gbr_4",1001340
"gbr_4",1000770
"gbr_4",1000845
"gbr_4",1000922
"gbr_4",1001010
"gbr_4",1001098
"gbr_4",1001183
"gbr_4",1001261
"gbr_4",1001339
"gbr_4",1000769
"gbr_4",1000844
"gbr_4",1000921
"gbr_4",1001009
"gbr_4",1001097
"gbr_4",1001182
"gbr_4",1001260
"gbr_4",1001338
"gbr_4",1001418
"gbr_4",1001472
"gbr_4",1000768
"gbr_4",1000843
"gbr_4",1000920
"gbr_4",1001008
"gbr_4",1001096
"gbr_4",1001181
"gbr_4",1001259
"gbr_4",1001337
"gbr_4",1001417
"gbr_4",1001471
"gbr_4",1000767
"gbr_4",1000842
"gbr_4",1000919
"gbr_4",1001007
"gbr_4",1001095
"gbr_4",1001180
"gbr_4",1001258
"gbr_4",1001336
"gbr_4",1001416
"gbr_4",1001470
"gbr_4",1000841
"gbr_4",1000918
"gbr_4",1001006
"gbr_4",1001094
"gbr_4",1001179
"gbr_4",1001335
"gbr_4",1001415
"gbr_4",1001469
"gbr_4",1000766
"gbr_4",1000840
"gbr_4",1000917
"gbr_4",1001005
"gbr_4",1001093
"gbr_4",1001178
"gbr_4",1001334
"gbr_4",1001414
"gbr_4",1001468
"gbr_4",1000765
"gbr_4",1000839
"gbr_4",1000916
"gbr_4",1001004
"gbr_4",1001092
"gbr_4",1001177
"gbr_4",1001257
"gbr_4",1001333
"gbr_4",1001413
"gbr_4",1001467
"gbr_4",1000764
"gbr_4",1000838
"gbr_4",1000915
"gbr_4",1001003
"gbr_4",1001091
"gbr_4",1001176
"gbr_4",1001256
"gbr_4",1001332
"gbr_4",1001412
"gbr_4",1001466
"gbr_4",1001002
"gbr_4",1001090
"gbr_4",1001175
"gbr_4",1001255
"gbr_4",1001331
"gbr_4",1001411
"gbr_4",1001465
"gbr_4",1001573
"gbr_4",1000914
"gbr_4",1001001
"gbr_4",1001089
"gbr_4",1001174
"gbr_4",1001254
"gbr_4",1001330
"gbr_4",1001410
"gbr_4",1001464
"gbr_4",1001524
"gbr_4",1001572
"gbr_4",1000913
"gbr_4",1001000
"gbr_4",1001088
"gbr_4",1001173
"gbr_4",1001253
"gbr_4",1001329
"gbr_4",1001409
"gbr_4",1001523
"gbr_4",1001571
"gbr_4",1001611
"gbr_4",1000912
"gbr_4",1001087
"gbr_4",1001172
"gbr_4",1001252
"gbr_4",1001328
"gbr_4",1001408
"gbr_4",1001570
"gbr_4",1001610
"gbr_4",1000837
"gbr_4",1000999
"gbr_4",1001086
"gbr_4",1001171
"gbr_4",1001251
"gbr_4",1001327
"gbr_4",1001407
"gbr_4",1001463
"gbr_4",1001569
"gbr_4",1001609
"gbr_4",1001642
"gbr_4",1000836
"gbr_4",1000998
"gbr_4",1001170
"gbr_4",1001250
"gbr_4",1001326
"gbr_4",1001406
"gbr_4",1001462
"gbr_4",1001608
"gbr_4",1001641
"gbr_4",1001660
"gbr_4",1000763
"gbr_4",1000835
"gbr_4",1000911
"gbr_4",1001169
"gbr_4",1001249
"gbr_4",1001325
"gbr_4",1001405
"gbr_4",1001461
"gbr_4",1001640
"gbr_4",1001659
"gbr_4",1001675
"gbr_4",1000762
"gbr_4",1000834
"gbr_4",1000910
"gbr_4",1001168
"gbr_4",1001248
"gbr_4",1001324
"gbr_4",1001404
"gbr_4",1001460
"gbr_4",1001522
"gbr_4",1001658
"gbr_4",1001674
"gbr_4",1000833
"gbr_4",1000909
"gbr_4",1000997
"gbr_4",1001085
"gbr_4",1001167
"gbr_4",1001247
"gbr_4",1001323
"gbr_4",1001403
"gbr_4",1001459
"gbr_4",1001521
"gbr_4",1001568
"gbr_4",1001607
"gbr_4",1001673
"gbr_4",1001684
"gbr_4",1000908
"gbr_4",1000996
"gbr_4",1001084
"gbr_4",1001166
"gbr_4",1001246
"gbr_4",1001322
"gbr_4",1001402
"gbr_4",1001458
"gbr_4",1001520
"gbr_4",1001567
"gbr_4",1001606
"gbr_4",1001639
"gbr_4",1001657
"gbr_4",1001672
"gbr_4",1001683
"gbr_4",1001689
"gbr_4",1001756
"gbr_4",1000907
"gbr_4",1000995
"gbr_4",1001083
"gbr_4",1001165
"gbr_4",1001245
"gbr_4",1001321
"gbr_4",1001401
"gbr_4",1001457
"gbr_4",1001519
"gbr_4",1001566
"gbr_4",1001605
"gbr_4",1001638
"gbr_4",1001656
"gbr_4",1001682
"gbr_4",1001688
"gbr_4",1001697
"gbr_4",1001737
"gbr_4",1001755
"gbr_4",1001771
"gbr_4",1000994
"gbr_4",1001244
"gbr_4",1001320
"gbr_4",1001400
"gbr_4",1001456
"gbr_4",1001518
"gbr_4",1001565
"gbr_4",1001604
"gbr_4",1001637
"gbr_4",1001655
"gbr_4",1001687
"gbr_4",1001696
"gbr_4",1001709
"gbr_4",1001722
"gbr_4",1001736
"gbr_4",1001754
"gbr_4",1001770
"gbr_4",1001784
"gbr_4",1000993
"gbr_4",1001243
"gbr_4",1001399
"gbr_4",1001455
"gbr_4",1001517
"gbr_4",1001564
"gbr_4",1001603
"gbr_4",1001654
"gbr_4",1001671
"gbr_4",1001721
"gbr_4",1001769
"gbr_4",1001783
"gbr_4",1001799
"gbr_4",1000992
"gbr_4",1001319
"gbr_4",1001398
"gbr_4",1001454
"gbr_4",1001516
"gbr_4",1001563
"gbr_4",1001602
"gbr_4",1001653
"gbr_4",1001670
"gbr_4",1001681
"gbr_4",1001708
"gbr_4",1001720
"gbr_4",1001735
"gbr_4",1001753
"gbr_4",1001768
"gbr_4",1001782
"gbr_4",1001798
"gbr_4",1000991
"gbr_4",1001082
"gbr_4",1001318
"gbr_4",1001397
"gbr_4",1001453
"gbr_4",1001515
"gbr_4",1001636
"gbr_4",1001652
"gbr_4",1001669
"gbr_4",1001680
"gbr_4",1001686
"gbr_4",1001707
"gbr_4",1001719
"gbr_4",1001734
"gbr_4",1001752
"gbr_4",1001767
"gbr_4",1001781
"gbr_4",1001797
"gbr_4",1001809
"gbr_4",1001824
"gbr_4",1000990
"gbr_4",1001081
"gbr_4",1001396
"gbr_4",1001635
"gbr_4",1001651
"gbr_4",1001668
"gbr_4",1001706
"gbr_4",1001718
"gbr_4",1001733
"gbr_4",1001751
"gbr_4",1001766
"gbr_4",1001796
"gbr_4",1001808
"gbr_4",1001823
"gbr_4",1001839
"gbr_4",1001080
"gbr_4",1001164
"gbr_4",1001242
"gbr_4",1001634
"gbr_4",1001650
"gbr_4",1001667
"gbr_4",1001732
"gbr_4",1001750
"gbr_4",1001765
"gbr_4",1001780
"gbr_4",1001795
"gbr_4",1001807
"gbr_4",1001822
"gbr_4",1001838
"gbr_4",1001847
"gbr_4",1001853
"gbr_4",1001862
"gbr_4",1001079
"gbr_4",1001163
"gbr_4",1001685
"gbr_4",1001749
"gbr_4",1001764
"gbr_4",1001779
"gbr_4",1001794
"gbr_4",1001806
"gbr_4",1001852
"gbr_4",1001861
"gbr_4",1001871
"gbr_4",1001881
"gbr_4",1001892
"gbr_4",1001162
"gbr_4",1001731
"gbr_4",1001748
"gbr_4",1001763
"gbr_4",1001778
"gbr_4",1001793
"gbr_4",1001805
"gbr_4",1001821
"gbr_4",1001837
"gbr_4",1001846
"gbr_4",1001851
"gbr_4",1001860
"gbr_4",1001870
"gbr_4",1001880
"gbr_4",1001891
"gbr_4",1001905
"gbr_4",1001730
"gbr_4",1001747
"gbr_4",1001762
"gbr_4",1001777
"gbr_4",1001792
"gbr_4",1001820
"gbr_4",1001836
"gbr_4",1001845
"gbr_4",1001850
"gbr_4",1001859
"gbr_4",1001869
"gbr_4",1001879
"gbr_4",1001890
"gbr_4",1001904
"gbr_4",1001916
"gbr_4",1001940
"gbr_4",1001746
"gbr_4",1001804
"gbr_4",1001819
"gbr_4",1001835
"gbr_4",1001844
"gbr_4",1001849
"gbr_4",1001858
"gbr_4",1001868
"gbr_4",1001878
"gbr_4",1001889
"gbr_4",1001903
"gbr_4",1001915
"gbr_4",1001939
"gbr_4",1001958
"gbr_4",1001989
"gbr_4",1001745
"gbr_4",1001761
"gbr_4",1001776
"gbr_4",1001791
"gbr_4",1001818
"gbr_4",1001834
"gbr_4",1001843
"gbr_4",1001848
"gbr_4",1001857
"gbr_4",1001867
"gbr_4",1001877
"gbr_4",1001888
"gbr_4",1001902
"gbr_4",1001914
"gbr_4",1001938
"gbr_4",1001790
"gbr_4",1001817
"gbr_4",1001833
"gbr_4",1001842
"gbr_4",1001866
"gbr_4",1001876
"gbr_4",1001887
"gbr_4",1001816
"gbr_4",1001832
"gbr_4",1001841
"gbr_4",1001815
"gbr_4",1001831
"gbr_4",1001830
"gbr_3",1001939
"gbr_3",1001958
"gbr_3",1001989
"gbr_3",1002022
"gbr_3",1001902
"gbr_3",1001914
"gbr_3",1001938
"gbr_3",1001957
"gbr_3",1001988
"gbr_3",1002021
"gbr_3",1002054
"gbr_3",1001876
"gbr_3",1001887
"gbr_3",1002020
"gbr_3",1002053
"gbr_3",1002092
"gbr_3",1002052
"gbr_3",1002091
"gbr_3",1001875
"gbr_3",1001886
"gbr_3",1001901
"gbr_3",1001956
"gbr_3",1001987
"gbr_3",1002090
"gbr_3",1002129
"gbr_3",1001830
"gbr_3",1001874
"gbr_3",1001885
"gbr_3",1001900
"gbr_3",1001937
"gbr_3",1001955
"gbr_3",1001986
"gbr_3",1002019
"gbr_3",1002051
"gbr_3",1002089
"gbr_3",1002128
"gbr_3",1001840
"gbr_3",1001856
"gbr_3",1001865
"gbr_3",1001873
"gbr_3",1001884
"gbr_3",1001899
"gbr_3",1001936
"gbr_3",1001985
"gbr_3",1002018
"gbr_3",1002050
"gbr_3",1002088
"gbr_3",1002127
"gbr_3",1002159
"gbr_3",1001855
"gbr_3",1001864
"gbr_3",1001913
"gbr_3",1001935
"gbr_3",1002017
"gbr_3",1002049
"gbr_3",1002087
"gbr_3",1002126
"gbr_3",1002158
"gbr_3",1001863
"gbr_3",1001872
"gbr_3",1001898
"gbr_3",1001912
"gbr_3",1001934
"gbr_3",1001984
"gbr_3",1002016
"gbr_3",1002048
"gbr_3",1002086
"gbr_3",1002125
"gbr_3",1002157
"gbr_3",1001897
"gbr_3",1001954
"gbr_3",1001983
"gbr_3",1002015
"gbr_3",1002047
"gbr_3",1002085
"gbr_3",1002124
"gbr_3",1002156
"gbr_3",1002216
"gbr_3",1001911
"gbr_3",1001933
"gbr_3",1001982
"gbr_3",1002014
"gbr_3",1002123
"gbr_3",1002155
"gbr_3",1002236
"gbr_3",1001981
"gbr_3",1002013
"gbr_3",1002122
"gbr_3",1002154
"gbr_3",1001953
"gbr_3",1001980
"gbr_3",1002012
"gbr_3",1002046
"gbr_3",1002084
"gbr_3",1002121
"gbr_3",1002153
"gbr_3",1001932
"gbr_3",1002011
"gbr_3",1002045
"gbr_3",1002083
"gbr_3",1002120
"gbr_3",1002152
"gbr_3",1001883
"gbr_3",1001896
"gbr_3",1001931
"gbr_3",1001952
"gbr_3",1001979
"gbr_3",1002010
"gbr_3",1002044
"gbr_3",1002082
"gbr_3",1002119
"gbr_3",1002151
"gbr_3",1001882
"gbr_3",1001895
"gbr_3",1001978
"gbr_3",1002009
"gbr_3",1002043
"gbr_3",1002081
"gbr_3",1002150
"gbr_3",1002189
"gbr_3",1001894
"gbr_3",1001930
"gbr_3",1002008
"gbr_3",1002042
"gbr_3",1002080
"gbr_3",1002118
"gbr_3",1002149
"gbr_3",1002188
"gbr_3",1002007
"gbr_3",1002041
"gbr_3",1002079
"gbr_3",1002148
"gbr_3",1002187
"gbr_3",1002006
"gbr_3",1002040
"gbr_3",1002078
"gbr_3",1002117
"gbr_3",1002147
"gbr_3",1002186
"gbr_3",1001929
"gbr_3",1001977
"gbr_3",1002005
"gbr_3",1002039
"gbr_3",1002146
"gbr_3",1002185
"gbr_3",1002215
"gbr_3",1001928
"gbr_3",1001951
"gbr_3",1001976
"gbr_3",1002004
"gbr_3",1002038
"gbr_3",1002077
"gbr_3",1002116
"gbr_3",1002184
"gbr_3",1002214
"gbr_3",1001893
"gbr_3",1001910
"gbr_3",1001927
"gbr_3",1001950
"gbr_3",1001975
"gbr_3",1002003
"gbr_3",1002037
"gbr_3",1002076
"gbr_3",1002115
"gbr_3",1002183
"gbr_3",1002213
"gbr_3",1001909
"gbr_3",1001926
"gbr_3",1001974
"gbr_3",1002002
"gbr_3",1002036
"gbr_3",1002075
"gbr_3",1002114
"gbr_3",1002212
"gbr_3",1001908
"gbr_3",1001925
"gbr_3",1001973
"gbr_3",1002001
"gbr_3",1002035
"gbr_3",1002074
"gbr_3",1002113
"gbr_3",1002182
"gbr_3",1002211
"gbr_3",1001907
"gbr_3",1001924
"gbr_3",1001949
"gbr_3",1001972
"gbr_3",1002000
"gbr_3",1002034
"gbr_3",1002073
"gbr_3",1002112
"gbr_3",1002145
"gbr_3",1002181
"gbr_3",1002210
"gbr_3",1001906
"gbr_3",1001923
"gbr_3",1001948
"gbr_3",1001971
"gbr_3",1001999
"gbr_3",1002033
"gbr_3",1002144
"gbr_3",1002209
"gbr_3",1001922
"gbr_3",1001947
"gbr_3",1001970
"gbr_3",1001998
"gbr_3",1002032
"gbr_3",1002180
"gbr_3",1002208
"gbr_3",1001921
"gbr_3",1001946
"gbr_3",1001997
"gbr_3",1002031
"gbr_3",1002072
"gbr_3",1002179
"gbr_3",1002207
"gbr_3",1001920
"gbr_3",1002030
"gbr_3",1002178
"gbr_3",1002206
"gbr_3",1001919
"gbr_3",1002029
"gbr_3",1002071
"gbr_3",1002111
"gbr_3",1002177
"gbr_3",1002205
"gbr_3",1001918
"gbr_3",1002070
"gbr_3",1002110
"gbr_3",1002176
"gbr_3",1002204
"gbr_3",1002235
"gbr_3",1001945
"gbr_3",1002069
"gbr_3",1002109
"gbr_3",1002203
"gbr_3",1002234
"gbr_3",1001969
"gbr_3",1002068
"gbr_3",1002108
"gbr_3",1002143
"gbr_3",1002175
"gbr_3",1002202
"gbr_3",1002233
"gbr_3",1002067
"gbr_3",1002142
"gbr_3",1002174
"gbr_3",1002201
"gbr_3",1002232
"gbr_3",1001968
"gbr_3",1001996
"gbr_3",1002066
"gbr_3",1002107
"gbr_3",1002141
"gbr_3",1002173
"gbr_3",1002200
"gbr_3",1002231
"gbr_3",1001967
"gbr_3",1002065
"gbr_3",1002106
"gbr_3",1002140
"gbr_3",1002172
"gbr_3",1002199
"gbr_3",1002230
"gbr_3",1002248
"gbr_3",1001966
"gbr_3",1002064
"gbr_3",1002105
"gbr_3",1002139
"gbr_3",1002171
"gbr_3",1002198
"gbr_3",1002229
"gbr_3",1002247
"gbr_3",1001965
"gbr_3",1002063
"gbr_3",1002104
"gbr_3",1002138
"gbr_3",1002170
"gbr_3",1002197
"gbr_3",1002228
"gbr_3",1002348
"gbr_3",1001964
"gbr_3",1001995
"gbr_3",1002062
"gbr_3",1002103
"gbr_3",1002137
"gbr_3",1002169
"gbr_3",1002196
"gbr_3",1002227
"gbr_3",1002246
"gbr_3",1002260
"gbr_3",1002274
"gbr_3",1001944
"gbr_3",1002028
"gbr_3",1002061
"gbr_3",1002102
"gbr_3",1002136
"gbr_3",1002168
"gbr_3",1002195
"gbr_3",1002226
"gbr_3",1002245
"gbr_3",1002259
"gbr_3",1002273
"gbr_3",1002286
"gbr_3",1001943
"gbr_3",1002101
"gbr_3",1002135
"gbr_3",1002167
"gbr_3",1002194
"gbr_3",1002225
"gbr_3",1002258
"gbr_3",1002272
"gbr_3",1002285
"gbr_3",1001942
"gbr_3",1001963
"gbr_3",1002166
"gbr_3",1002193
"gbr_3",1002224
"gbr_3",1002257
"gbr_3",1002271
"gbr_3",1002314
"gbr_3",1001962
"gbr_3",1001994
"gbr_3",1002223
"gbr_3",1002244
"gbr_3",1002256
"gbr_3",1002270
"gbr_3",1002284
"gbr_3",1002313
"gbr_3",1001961
"gbr_3",1001993
"gbr_3",1002027
"gbr_3",1002222
"gbr_3",1002243
"gbr_3",1002255
"gbr_3",1002269
"gbr_3",1002283
"gbr_3",1001992
"gbr_3",1002026
"gbr_3",1002060
"gbr_3",1002165
"gbr_3",1002221
"gbr_3",1002242
"gbr_3",1002254
"gbr_3",1002268
"gbr_3",1002282
"gbr_3",1002312
"gbr_3",1002335
"gbr_3",1002025
"gbr_3",1002059
"gbr_3",1002220
"gbr_3",1002241
"gbr_3",1002253
"gbr_3",1002267
"gbr_3",1002281
"gbr_3",1002311
"gbr_3",1002347
"gbr_3",1002365
"gbr_3",1002100
"gbr_3",1002252
"gbr_3",1002266
"gbr_3",1002280
"gbr_3",1002310
"gbr_3",1002334
"gbr_3",1002346
"gbr_3",1002364
"gbr_3",1002386
"gbr_3",1002408
"gbr_3",1002099
"gbr_3",1002240
"gbr_3",1002251
"gbr_3",1002265
"gbr_3",1002309
"gbr_3",1002333
"gbr_3",1002345
"gbr_3",1002363
"gbr_3",1002385
"gbr_3",1002407
"gbr_3",1002250
"gbr_3",1002264
"gbr_3",1002308
"gbr_3",1002332
"gbr_3",1002344
"gbr_3",1002362
"gbr_3",1002384
"gbr_3",1002406
"gbr_3",1002219
"gbr_3",1002239
"gbr_3",1002307
"gbr_3",1002331
"gbr_3",1002343
"gbr_3",1002361
"gbr_3",1002383
"gbr_3",1002405
"gbr_3",1002431
"gbr_3",1002238
"gbr_3",1002249
"gbr_3",1002263
"gbr_3",1002306
"gbr_3",1002330
"gbr_3",1002342
"gbr_3",1002360
"gbr_3",1002382
"gbr_3",1002430
"gbr_3",1002457
"gbr_3",1002218
"gbr_3",1002237
"gbr_3",1002305
"gbr_3",1002329
"gbr_3",1002341
"gbr_3",1002359
"gbr_3",1002381
"gbr_3",1002429
"gbr_3",1002456
"gbr_3",1002486
"gbr_3",1002217
"gbr_3",1002304
"gbr_3",1002328
"gbr_3",1002340
"gbr_3",1002358
"gbr_3",1002428
"gbr_3",1002455
"gbr_3",1002485
"gbr_3",1002303
"gbr_3",1002327
"gbr_3",1002339
"gbr_3",1002380
"gbr_3",1002404
"gbr_3",1002427
"gbr_3",1002454
"gbr_3",1002484
"gbr_3",1002540
"gbr_3",1002262
"gbr_3",1002326
"gbr_3",1002338
"gbr_3",1002357
"gbr_3",1002379
"gbr_3",1002403
"gbr_3",1002426
"gbr_3",1002453
"gbr_3",1002483
"gbr_3",1002515
"gbr_3",1002261
"gbr_3",1002279
"gbr_3",1002356
"gbr_3",1002378
"gbr_3",1002402
"gbr_3",1002452
"gbr_3",1002482
"gbr_3",1002514
"gbr_3",1002278
"gbr_3",1002302
"gbr_3",1002355
"gbr_3",1002401
"gbr_3",1002425
"gbr_3",1002451
"gbr_3",1002481
"gbr_3",1002513
"gbr_3",1002539
"gbr_3",1002354
"gbr_3",1002377
"gbr_3",1002400
"gbr_3",1002424
"gbr_3",1002450
"gbr_3",1002480
"gbr_3",1002512
"gbr_3",1002538
"gbr_3",1002376
"gbr_3",1002399
"gbr_3",1002423
"gbr_3",1002449
"gbr_3",1002479
"gbr_3",1002511
"gbr_3",1002537
"gbr_3",1002277
"gbr_3",1002375
"gbr_3",1002422
"gbr_3",1002478
"gbr_3",1002510
"gbr_3",1002276
"gbr_3",1002398
"gbr_3",1002421
"gbr_3",1002448
"gbr_3",1002477
"gbr_3",1002509
"gbr_3",1002275
"gbr_3",1002301
"gbr_3",1002397
"gbr_3",1002420
"gbr_3",1002447
"gbr_3",1002476
"gbr_3",1002508
"gbr_3",1002396
"gbr_3",1002419
"gbr_3",1002446
"gbr_3",1002475
"gbr_3",1002507
"gbr_3",1002300
"gbr_3",1002395
"gbr_3",1002418
"gbr_3",1002445
"gbr_3",1002474
"gbr_3",1002506
"gbr_3",1002536
"gbr_3",1002555
"gbr_3",1002299
"gbr_3",1002325
"gbr_3",1002394
"gbr_3",1002417
"gbr_3",1002444
"gbr_3",1002473
"gbr_3",1002505
"gbr_3",1002535
"gbr_3",1002570
"gbr_3",1002298
"gbr_3",1002324
"gbr_3",1002393
"gbr_3",1002416
"gbr_3",1002443
"gbr_3",1002472
"gbr_3",1002504
"gbr_3",1002569
"gbr_3",1002297
"gbr_3",1002323
"gbr_3",1002392
"gbr_3",1002415
"gbr_3",1002442
"gbr_3",1002471
"gbr_3",1002503
"gbr_3",1002534
"gbr_3",1002554
"gbr_3",1002296
"gbr_3",1002391
"gbr_3",1002414
"gbr_3",1002441
"gbr_3",1002470
"gbr_3",1002502
"gbr_3",1002533
"gbr_3",1002553
"gbr_3",1002295
"gbr_3",1002413
"gbr_3",1002440
"gbr_3",1002469
"gbr_3",1002501
"gbr_3",1002532
"gbr_3",1002552
"gbr_3",1002568
"gbr_3",1002294
"gbr_3",1002412
"gbr_3",1002439
"gbr_3",1002468
"gbr_3",1002500
"gbr_3",1002531
"gbr_2",1002532
"gbr_2",1002552
"gbr_2",1002568
"gbr_2",1002294
"gbr_2",1002412
"gbr_2",1002439
"gbr_2",1002468
"gbr_2",1002500
"gbr_2",1002531
"gbr_2",1002551
"gbr_2",1002567
"gbr_2",1002598
"gbr_2",1002293
"gbr_2",1002322
"gbr_2",1002467
"gbr_2",1002499
"gbr_2",1002530
"gbr_2",1002584
"gbr_2",1002597
"gbr_2",1002292
"gbr_2",1002321
"gbr_2",1002498
"gbr_2",1002529
"gbr_2",1002566
"gbr_2",1002583
"gbr_2",1002596
"gbr_2",1002610
"gbr_2",1002291
"gbr_2",1002320
"gbr_2",1002337
"gbr_2",1002466
"gbr_2",1002497
"gbr_2",1002528
"gbr_2",1002582
"gbr_2",1002595
"gbr_2",1002609
"gbr_2",1002319
"gbr_2",1002336
"gbr_2",1002411
"gbr_2",1002438
"gbr_2",1002465
"gbr_2",1002496
"gbr_2",1002527
"gbr_2",1002565
"gbr_2",1002581
"gbr_2",1002594
"gbr_2",1002608
"gbr_2",1002614
"gbr_2",1002290
"gbr_2",1002318
"gbr_2",1002353
"gbr_2",1002374
"gbr_2",1002410
"gbr_2",1002437
"gbr_2",1002464
"gbr_2",1002495
"gbr_2",1002526
"gbr_2",1002564
"gbr_2",1002580
"gbr_2",1002593
"gbr_2",1002607
"gbr_2",1002613
"gbr_2",1002622
"gbr_2",1002289
"gbr_2",1002317
"gbr_2",1002352
"gbr_2",1002373
"gbr_2",1002525
"gbr_2",1002550
"gbr_2",1002563
"gbr_2",1002579
"gbr_2",1002592
"gbr_2",1002606
"gbr_2",1002621
"gbr_2",1002630
"gbr_2",1002641
"gbr_2",1002372
"gbr_2",1002524
"gbr_2",1002549
"gbr_2",1002562
"gbr_2",1002578
"gbr_2",1002591
"gbr_2",1002605
"gbr_2",1002612
"gbr_2",1002620
"gbr_2",1002629
"gbr_2",1002676
"gbr_2",1002316
"gbr_2",1002351
"gbr_2",1002371
"gbr_2",1002523
"gbr_2",1002548
"gbr_2",1002561
"gbr_2",1002577
"gbr_2",1002604
"gbr_2",1002611
"gbr_2",1002619
"gbr_2",1002675
"gbr_2",1002350
"gbr_2",1002370
"gbr_2",1002494
"gbr_2",1002560
"gbr_2",1002576
"gbr_2",1002590
"gbr_2",1002603
"gbr_2",1002369
"gbr_2",1002390
"gbr_2",1002522
"gbr_2",1002547
"gbr_2",1002559
"gbr_2",1002575
"gbr_2",1002589
"gbr_2",1002602
"gbr_2",1002618
"gbr_2",1002640
"gbr_2",1002650
"gbr_2",1002655
"gbr_2",1002660
"gbr_2",1002664
"gbr_2",1002674
"gbr_2",1002684
"gbr_2",1002690
"gbr_2",1002368
"gbr_2",1002389
"gbr_2",1002546
"gbr_2",1002558
"gbr_2",1002574
"gbr_2",1002588
"gbr_2",1002617
"gbr_2",1002628
"gbr_2",1002639
"gbr_2",1002649
"gbr_2",1002666
"gbr_2",1002673
"gbr_2",1002683
"gbr_2",1002689
"gbr_2",1002699
"gbr_2",1002707
"gbr_2",1002716
"gbr_2",1002601
"gbr_2",1002616
"gbr_2",1002627
"gbr_2",1002638
"gbr_2",1002648
"gbr_2",1002654
"gbr_2",1002672
"gbr_2",1002682
"gbr_2",1002698
"gbr_2",1002706
"gbr_2",1002735
"gbr_2",1002743
"gbr_2",1002750
"gbr_2",1002367
"gbr_2",1002436
"gbr_2",1002626
"gbr_2",1002637
"gbr_2",1002647
"gbr_2",1002653
"gbr_2",1002659
"gbr_2",1002671
"gbr_2",1002681
"gbr_2",1002688
"gbr_2",1002697
"gbr_2",1002705
"gbr_2",1002749
"gbr_2",1002766
"gbr_2",1002435
"gbr_2",1002463
"gbr_2",1002646
"gbr_2",1002652
"gbr_2",1002658
"gbr_2",1002670
"gbr_2",1002680
"gbr_2",1002687
"gbr_2",1002696
"gbr_2",1002704
"gbr_2",1002715
"gbr_2",1002725
"gbr_2",1002748
"gbr_2",1002765
"gbr_2",1002434
"gbr_2",1002462
"gbr_2",1002493
"gbr_2",1002625
"gbr_2",1002636
"gbr_2",1002645
"gbr_2",1002651
"gbr_2",1002663
"gbr_2",1002665
"gbr_2",1002669
"gbr_2",1002679
"gbr_2",1002686
"gbr_2",1002695
"gbr_2",1002703
"gbr_2",1002714
"gbr_2",1002724
"gbr_2",1002734
"gbr_2",1002742
"gbr_2",1002747
"gbr_2",1002764
"gbr_2",1002366
"gbr_2",1002388
"gbr_2",1002433
"gbr_2",1002461
"gbr_2",1002492
"gbr_2",1002521
"gbr_2",1002635
"gbr_2",1002644
"gbr_2",1002678
"gbr_2",1002685
"gbr_2",1002694
"gbr_2",1002702
"gbr_2",1002713
"gbr_2",1002723
"gbr_2",1002733
"gbr_2",1002741
"gbr_2",1002763
"gbr_2",1002491
"gbr_2",1002520
"gbr_2",1002545
"gbr_2",1002634
"gbr_2",1002643
"gbr_2",1002657
"gbr_2",1002662
"gbr_2",1002693
"gbr_2",1002701
"gbr_2",1002722
"gbr_2",1002732
"gbr_2",1002746
"gbr_2",1002762
"gbr_2",1002776
"gbr_2",1002460
"gbr_2",1002490
"gbr_2",1002519
"gbr_2",1002544
"gbr_2",1002557
"gbr_2",1002656
"gbr_2",1002661
"gbr_2",1002692
"gbr_2",1002721
"gbr_2",1002731
"gbr_2",1002761
"gbr_2",1002775
"gbr_2",1002811
"gbr_2",1002409
"gbr_2",1002459
"gbr_2",1002556
"gbr_2",1002691
"gbr_2",1002712
"gbr_2",1002720
"gbr_2",1002730
"gbr_2",1002760
"gbr_2",1002774
"gbr_2",1002779
"gbr_2",1002786
"gbr_2",1002810
"gbr_2",1002817
"gbr_2",1002458
"gbr_2",1002489
"gbr_2",1002711
"gbr_2",1002719
"gbr_2",1002729
"gbr_2",1002740
"gbr_2",1002745
"gbr_2",1002759
"gbr_2",1002773
"gbr_2",1002778
"gbr_2",1002797
"gbr_2",1002809
"gbr_2",1002816
"gbr_2",1002823
"gbr_2",1002835
"gbr_2",1002848
"gbr_2",1002863
"gbr_2",1002875
"gbr_2",1002884
"gbr_2",1002387
"gbr_2",1002710
"gbr_2",1002718
"gbr_2",1002728
"gbr_2",1002739
"gbr_2",1002744
"gbr_2",1002758
"gbr_2",1002772
"gbr_2",1002777
"gbr_2",1002785
"gbr_2",1002796
"gbr_2",1002808
"gbr_2",1002822
"gbr_2",1002834
"gbr_2",1002847
"gbr_2",1002862
"gbr_2",1002890
"gbr_2",1002903
"gbr_2",1002518
"gbr_2",1002543
"gbr_2",1002717
"gbr_2",1002727
"gbr_2",1002738
"gbr_2",1002784
"gbr_2",1002795
"gbr_2",1002807
"gbr_2",1002833
"gbr_2",1002846
"gbr_2",1002861
"gbr_2",1002874
"gbr_2",1002883
"gbr_2",1002432
"gbr_2",1002488
"gbr_2",1002517
"gbr_2",1002542
"gbr_2",1002700
"gbr_2",1002757
"gbr_2",1002771
"gbr_2",1002783
"gbr_2",1002794
"gbr_2",1002806
"gbr_2",1002832
"gbr_2",1002845
"gbr_2",1002860
"gbr_2",1002873
"gbr_2",1002902
"gbr_2",1002756
"gbr_2",1002770
"gbr_2",1002793
"gbr_2",1002805
"gbr_2",1002815
"gbr_2",1002821
"gbr_2",1002831
"gbr_2",1002844
"gbr_2",1002859
"gbr_2",1002872
"gbr_2",1002882
"gbr_2",1002901
"gbr_2",1002914
"gbr_2",1002927
"gbr_2",1002942
"gbr_2",1002487
"gbr_2",1002516
"gbr_2",1002541
"gbr_2",1002573
"gbr_2",1002587
"gbr_2",1002600
"gbr_2",1002709
"gbr_2",1002804
"gbr_2",1002814
"gbr_2",1002820
"gbr_2",1002830
"gbr_2",1002843
"gbr_2",1002858
"gbr_2",1002871
"gbr_2",1002881
"gbr_2",1002889
"gbr_2",1002900
"gbr_2",1002926
"gbr_2",1002941
"gbr_2",1002970
"gbr_2",1002993
"gbr_2",1003016
"gbr_2",1003052
"gbr_2",1003075
"gbr_2",1003102
"gbr_2",1002572
"gbr_2",1002586
"gbr_2",1002599
"gbr_2",1002624
"gbr_2",1002633
"gbr_2",1002782
"gbr_2",1002792
"gbr_2",1002803
"gbr_2",1002813
"gbr_2",1002819
"gbr_2",1002829
"gbr_2",1002842
"gbr_2",1002857
"gbr_2",1002870
"gbr_2",1002880
"gbr_2",1002888
"gbr_2",1002899
"gbr_2",1002913
"gbr_2",1002925
"gbr_2",1002969
"gbr_2",1002992
"gbr_2",1003015
"gbr_2",1003031
"gbr_2",1003051
"gbr_2",1003143
"gbr_2",1003162
"gbr_2",1002571
"gbr_2",1002585
"gbr_2",1002615
"gbr_2",1002623
"gbr_2",1002632
"gbr_2",1002791
"gbr_2",1002802
"gbr_2",1002812
"gbr_2",1002818
"gbr_2",1002828
"gbr_2",1002841
"gbr_2",1002856
"gbr_2",1002887
"gbr_2",1002898
"gbr_2",1002912
"gbr_2",1002924
"gbr_2",1002968
"gbr_2",1002991
"gbr_2",1003014
"gbr_2",1003050
"gbr_2",1003074
"gbr_2",1003101
"gbr_2",1003121
"gbr_2",1003161
"gbr_2",1003179
"gbr_2",1003199
"gbr_2",1002631
"gbr_2",1002668
"gbr_2",1002790
"gbr_2",1002801
"gbr_2",1002840
"gbr_2",1002886
"gbr_2",1002897
"gbr_2",1002911
"gbr_2",1002923
"gbr_2",1002940
"gbr_2",1002954
"gbr_2",1003013
"gbr_2",1003030
"gbr_2",1003049
"gbr_2",1003073
"gbr_2",1003100
"gbr_2",1003120
"gbr_2",1003142
"gbr_2",1003198
"gbr_2",1002708
"gbr_2",1002781
"gbr_2",1002789
"gbr_2",1002800
"gbr_2",1002855
"gbr_2",1002869
"gbr_2",1002896
"gbr_2",1002910
"gbr_2",1002922
"gbr_2",1002939
"gbr_2",1002953
"gbr_2",1002967
"gbr_2",1003029
"gbr_2",1003048
"gbr_2",1003072
"gbr_2",1003099
"gbr_2",1003119
"gbr_2",1003141
"gbr_2",1003160
"gbr_2",1003197
"gbr_2",1003215
"gbr_2",1002642
"gbr_2",1002667
"gbr_2",1002677
"gbr_2",1002755
"gbr_2",1002769
"gbr_2",1002780
"gbr_2",1002788
"gbr_2",1002799
"gbr_2",1002839
"gbr_2",1002854
"gbr_2",1002868
"gbr_2",1002909
"gbr_2",1002921
"gbr_2",1002938
"gbr_2",1002952
"gbr_2",1002966
"gbr_2",1002990
"gbr_2",1003012
"gbr_2",1003028
"gbr_2",1003047
"gbr_2",1003071
"gbr_2",1003098
"gbr_2",1003118
"gbr_2",1003140
"gbr_2",1003159
"gbr_2",1003178
"gbr_2",1003196
"gbr_2",1003214
"gbr_2",1003237
"gbr_2",1003253
"gbr_2",1003277
"gbr_2",1003309
"gbr_2",1002754
"gbr_2",1002787
"gbr_2",1002798
"gbr_2",1002908
"gbr_2",1002920
"gbr_2",1002937
"gbr_2",1002951
"gbr_2",1002965
"gbr_2",1002989
"gbr_2",1003011
"gbr_2",1003046
"gbr_2",1003070
"gbr_2",1003097
"gbr_2",1003117
"gbr_2",1003139
"gbr_2",1003158
"gbr_2",1003177
"gbr_2",1003195
"gbr_2",1003213
"gbr_2",1003236
"gbr_2",1003276
"gbr_2",1003308
"gbr_2",1002907
"gbr_2",1002919
"gbr_2",1002936
"gbr_2",1002950
"gbr_2",1002964
"gbr_2",1002988
"gbr_2",1003010
"gbr_2",1003027
"gbr_2",1003045
"gbr_2",1003069
"gbr_2",1003096
"gbr_2",1003116
"gbr_2",1003138
"gbr_2",1003157
"gbr_2",1003194
"gbr_2",1003212
"gbr_2",1003252
"gbr_2",1003307
"gbr_2",1003331
"gbr_2",1003353
"gbr_2",1002918
"gbr_2",1002935
"gbr_2",1002949
"gbr_2",1002963
"gbr_2",1002987
"gbr_2",1003009
"gbr_2",1003026
"gbr_2",1003044
"gbr_2",1003068
"gbr_2",1003095
"gbr_2",1003115
"gbr_2",1003137
"gbr_2",1003156
"gbr_2",1003176
"gbr_2",1003193
"gbr_2",1003211
"gbr_2",1003235
"gbr_2",1003251
"gbr_2",1003275
"gbr_2",1003306
"gbr_2",1003330
"gbr_2",1003352
"gbr_2",1003378
"gbr_2",1003008
"gbr_2",1003025
"gbr_2",1003043
"gbr_2",1003067
"gbr_2",1003094
"gbr_2",1003136
"gbr_2",1003155
"gbr_2",1003175
"gbr_2",1003192
"gbr_2",1003210
"gbr_2",1003234
"gbr_2",1003250
"gbr_2",1003274
"gbr_2",1003305
"gbr_2",1003329
"gbr_2",1003351
"gbr_2",1003377
"gbr_2",1003405
"gbr_2",1003007
"gbr_2",1003114
"gbr_2",1003135
"gbr_2",1003154
"gbr_2",1003174
"gbr_2",1003191
"gbr_2",1003209
"gbr_2",1003233
"gbr_2",1003249
"gbr_2",1003273
"gbr_2",1003304
"gbr_2",1003328
"gbr_2",1003350
"gbr_2",1003376
"gbr_2",1003404
"gbr_2",1003435
"gbr_2",1003455
"gbr_2",1002737
"gbr_2",1003093
"gbr_2",1003113
"gbr_2",1003134
"gbr_2",1003153
"gbr_2",1003173
"gbr_2",1003190
"gbr_2",1003208
"gbr_2",1003232
"gbr_2",1003248
"gbr_2",1003272
"gbr_2",1003303
"gbr_2",1003327
"gbr_2",1003349
"gbr_2",1003375
"gbr_2",1003403
"gbr_2",1003434
"gbr_2",1003454
"gbr_2",1003469
"gbr_2",1003483
"gbr_2",1002726
"gbr_2",1002736
"gbr_2",1002853
"gbr_2",1003092
"gbr_2",1003112
"gbr_2",1003133
"gbr_2",1003152
"gbr_2",1003172
"gbr_2",1003189
"gbr_2",1003207
"gbr_2",1003231
"gbr_2",1003247
"gbr_2",1003271
"gbr_2",1003302
"gbr_2",1003326
"gbr_2",1003348
"gbr_2",1003374
"gbr_2",1003402
"gbr_2",1003433
"gbr_2",1003453
"gbr_2",1003468
"gbr_2",1003482
"gbr_2",1003501
"gbr_2",1003525
"gbr_2",1002753
"gbr_2",1002852
"gbr_2",1003066
"gbr_2",1003091
"gbr_2",1003111
"gbr_2",1003132
"gbr_2",1003151
"gbr_2",1003171
"gbr_2",1003188
"gbr_2",1003206
"gbr_2",1003230
"gbr_2",1003246
"gbr_2",1003301
"gbr_2",1003325
"gbr_2",1003347
"gbr_2",1003373
"gbr_2",1003401
"gbr_2",1003432
"gbr_2",1003500
"gbr_2",1003524
"gbr_2",1003548
"gbr_2",1003647
"gbr_2",1002752
"gbr_2",1002768
"gbr_2",1003065
"gbr_2",1003090
"gbr_2",1003110
"gbr_2",1003131
"gbr_2",1003150
"gbr_2",1003187
"gbr_2",1003205
"gbr_2",1003229
"gbr_2",1003245
"gbr_2",1003270
"gbr_2",1003300
"gbr_2",1003324
"gbr_2",1003346
"gbr_2",1003372
"gbr_2",1003431
"gbr_2",1003499
"gbr_2",1003523
"gbr_2",1003547
"gbr_2",1003646
"gbr_2",1002751
"gbr_2",1002767
"gbr_2",1003109
"gbr_2",1003130
"gbr_2",1003228
"gbr_2",1003269
"gbr_2",1003299
"gbr_2",1003323
"gbr_2",1003345
"gbr_2",1003371
"gbr_2",1003400
"gbr_2",1003430
"gbr_2",1003452
"gbr_2",1003498
"gbr_2",1003522
"gbr_2",1003546
"gbr_2",1003570
"gbr_2",1003594
"gbr_2",1003615
"gbr_2",1003645
"gbr_2",1003298
"gbr_2",1003344
"gbr_2",1003370
"gbr_2",1003399
"gbr_2",1003429
"gbr_2",1003497
"gbr_2",1003545
"gbr_2",1003569
"gbr_2",1003593
"gbr_2",1003614
"gbr_2",1003644
"gbr_2",1002827
"gbr_2",1002851
"gbr_2",1002867
"gbr_2",1002879
"gbr_2",1002895
"gbr_2",1003297
"gbr_2",1003322
"gbr_2",1003343
"gbr_2",1003369
"gbr_2",1003428
"gbr_2",1003544
"gbr_2",1003568
"gbr_2",1003643
"gbr_2",1002826
"gbr_2",1002838
"gbr_2",1002866
"gbr_2",1002878
"gbr_2",1002894
"gbr_2",1002906
"gbr_2",1002986
"gbr_2",1003042
"gbr_2",1003321
"gbr_2",1003342
"gbr_2",1003368
"gbr_2",1003398
"gbr_2",1003427
"gbr_2",1003451
"gbr_2",1003467
"gbr_2",1003481
"gbr_2",1003496
"gbr_2",1003567
"gbr_2",1003592
"gbr_2",1003613
"gbr_2",1003642
"gbr_2",1003670
"gbr_2",1002825
"gbr_2",1002837
"gbr_2",1002850
"gbr_2",1002865
"gbr_2",1002877
"gbr_2",1002885
"gbr_2",1002893
"gbr_2",1002985
"gbr_2",1003006
"gbr_2",1003024
"gbr_2",1003367
"gbr_2",1003397
"gbr_2",1003426
"gbr_2",1003450
"gbr_2",1003466
"gbr_2",1003480
"gbr_2",1003495
"gbr_2",1003543
"gbr_2",1003566
"gbr_2",1003591
"gbr_2",1003612
"gbr_2",1003641
"gbr_2",1002824
"gbr_2",1002836
"gbr_2",1002849
"gbr_2",1002864
"gbr_2",1002876
"gbr_2",1002892
"gbr_2",1002905
"gbr_2",1002917
"gbr_2",1002934
"gbr_2",1002984
"gbr_2",1003005
"gbr_2",1003023
"gbr_2",1003041
"gbr_2",1003064
"gbr_2",1003089
"gbr_2",1003227
"gbr_2",1003244
"gbr_2",1003366
"gbr_2",1003396
"gbr_2",1003425
"gbr_2",1003449
"gbr_2",1003465
"gbr_2",1003479
"gbr_2",1003494
"gbr_2",1003521
"gbr_2",1003542
"gbr_2",1003565
"gbr_2",1003590
"gbr_2",1003611
"gbr_2",1003640
"gbr_2",1002891
"gbr_2",1002904
"gbr_2",1002916
"gbr_2",1002933
"gbr_2",1002983
"gbr_2",1003004
"gbr_2",1003022
"gbr_2",1003040
"gbr_2",1003063
"gbr_2",1003088
"gbr_2",1003448
"gbr_2",1003478
"gbr_2",1003493
"gbr_2",1003520
"gbr_2",1003639
"gbr_2",1002932
"gbr_2",1002948
"gbr_2",1002962
"gbr_2",1002982
"gbr_2",1003003
"gbr_2",1003021
"gbr_2",1003039
"gbr_2",1003062
"gbr_2",1003087
"gbr_2",1003108
"gbr_2",1003477
"gbr_2",1003492
"gbr_2",1003519
"gbr_2",1002915
"gbr_2",1002931
"gbr_2",1002947
"gbr_2",1002961
"gbr_2",1002981
"gbr_2",1003002
"gbr_2",1003038
"gbr_2",1003061
"gbr_2",1003086
"gbr_2",1003107
"gbr_2",1003491
"gbr_2",1003518
"gbr_2",1003541
"gbr_2",1002946
"gbr_2",1002960
"gbr_2",1002980
"gbr_2",1003001
"gbr_2",1003020
"gbr_2",1003037
"gbr_2",1003060
"gbr_2",1003085
"gbr_2",1003464
"gbr_2",1003490
"gbr_2",1003517
"gbr_2",1003540
"gbr_2",1003564
"gbr_2",1002959
"gbr_2",1002979
"gbr_2",1003000
"gbr_2",1003019
"gbr_2",1003036
"gbr_2",1003489
"gbr_2",1003516
"gbr_2",1003539
"gbr_2",1003563
"gbr_2",1003589
"gbr_2",1002958
"gbr_2",1002978
"gbr_2",1002999
"gbr_2",1003035
"gbr_2",1003059
"gbr_2",1003084
"gbr_2",1003562
"gbr_2",1003588
"gbr_2",1003610
"gbr_2",1002977
"gbr_2",1002998
"gbr_2",1003034
"gbr_2",1003058
"gbr_2",1003083
"gbr_2",1003515
"gbr_2",1003538
"gbr_2",1003561
"gbr_2",1003587
"gbr_2",1003609
"gbr_2",1003702
"gbr_2",1002957
"gbr_2",1002976
"gbr_2",1002997
"gbr_2",1003018
"gbr_2",1003033
"gbr_2",1003057
"gbr_2",1003082
"gbr_2",1003341
"gbr_2",1003365
"gbr_2",1003447
"gbr_2",1003463
"gbr_2",1003476
"gbr_2",1003488
"gbr_2",1003514
"gbr_2",1003537
"gbr_2",1003560
"gbr_2",1003586
"gbr_2",1003638
"gbr_2",1002930
"gbr_2",1002975
"gbr_2",1002996
"gbr_2",1003056
"gbr_2",1003081
"gbr_2",1003340
"gbr_2",1003364
"gbr_2",1003446
"gbr_2",1003462
"gbr_2",1003475
"gbr_2",1003487
"gbr_2",1003513
"gbr_2",1003536
"gbr_2",1003637
"gbr_2",1003665
"gbr_2",1002929
"gbr_2",1002974
"gbr_2",1002995
"gbr_2",1003474
"gbr_2",1003486
"gbr_2",1003512
"gbr_2",1003585
"gbr_2",1003608
"gbr_2",1002928
"gbr_2",1002945
"gbr_2",1003535
"gbr_2",1003559
"gbr_1",1003642
"gbr_1",1003670
"gbr_1",1003725
"gbr_1",1003751
"gbr_1",1003641
"gbr_1",1003669
"gbr_1",1003689
"gbr_1",1003708
"gbr_1",1003724
"gbr_1",1003750
"gbr_1",1003611
"gbr_1",1003640
"gbr_1",1003668
"gbr_1",1003688
"gbr_1",1003707
"gbr_1",1003723
"gbr_1",1003749
"gbr_1",1003776
"gbr_1",1003801
"gbr_1",1003827
"gbr_1",1003639
"gbr_1",1003667
"gbr_1",1003687
"gbr_1",1003706
"gbr_1",1003722
"gbr_1",1003748
"gbr_1",1003775
"gbr_1",1003800
"gbr_1",1003826
"gbr_1",1003855
"gbr_1",1003666
"gbr_1",1003686
"gbr_1",1003705
"gbr_1",1003721
"gbr_1",1003747
"gbr_1",1003774
"gbr_1",1003799
"gbr_1",1003825
"gbr_1",1003890
"gbr_1",1003685
"gbr_1",1003704
"gbr_1",1003720
"gbr_1",1003746
"gbr_1",1003798
"gbr_1",1003824
"gbr_1",1003854
"gbr_1",1003889
"gbr_1",1003703
"gbr_1",1003719
"gbr_1",1003745
"gbr_1",1003773
"gbr_1",1003797
"gbr_1",1003823
"gbr_1",1003853
"gbr_1",1003888
"gbr_1",1003718
"gbr_1",1003744
"gbr_1",1003772
"gbr_1",1003796
"gbr_1",1003822
"gbr_1",1003852
"gbr_1",1003887
"gbr_1",1003919
"gbr_1",1003946
"gbr_1",1003717
"gbr_1",1003743
"gbr_1",1003771
"gbr_1",1003795
"gbr_1",1003821
"gbr_1",1003886
"gbr_1",1003918
"gbr_1",1003945
"gbr_1",1003702
"gbr_1",1003716
"gbr_1",1003742
"gbr_1",1003770
"gbr_1",1003794
"gbr_1",1003820
"gbr_1",1003851
"gbr_1",1003885
"gbr_1",1003917
"gbr_1",1003944
"gbr_1",1003968
"gbr_1",1003996
"gbr_1",1003701
"gbr_1",1003715
"gbr_1",1003741
"gbr_1",1003769
"gbr_1",1003793
"gbr_1",1003819
"gbr_1",1003850
"gbr_1",1003884
"gbr_1",1003943
"gbr_1",1003967
"gbr_1",1003995
"gbr_1",1004020
"gbr_1",1003056
"gbr_1",1003081
"gbr_1",1003637
"gbr_1",1003665
"gbr_1",1003700
"gbr_1",1003714
"gbr_1",1003740
"gbr_1",1003768
"gbr_1",1003792
"gbr_1",1003818
"gbr_1",1003849
"gbr_1",1003883
"gbr_1",1003942
"gbr_1",1003966
"gbr_1",1003994
"gbr_1",1004019
"gbr_1",1002974
"gbr_1",1002995
"gbr_1",1003055
"gbr_1",1003080
"gbr_1",1003106
"gbr_1",1003129
"gbr_1",1003585
"gbr_1",1003608
"gbr_1",1003636
"gbr_1",1003664
"gbr_1",1003684
"gbr_1",1003713
"gbr_1",1003739
"gbr_1",1003767
"gbr_1",1003791
"gbr_1",1003817
"gbr_1",1003848
"gbr_1",1003882
"gbr_1",1003916
"gbr_1",1003941
"gbr_1",1003965
"gbr_1",1003993
"gbr_1",1002928
"gbr_1",1002945
"gbr_1",1003079
"gbr_1",1003105
"gbr_1",1003128
"gbr_1",1003535
"gbr_1",1003559
"gbr_1",1003584
"gbr_1",1003635
"gbr_1",1003663
"gbr_1",1003683
"gbr_1",1003766
"gbr_1",1003816
"gbr_1",1003847
"gbr_1",1003881
"gbr_1",1003915
"gbr_1",1003940
"gbr_1",1003964
"gbr_1",1003992
"gbr_1",1004018
"gbr_1",1002944
"gbr_1",1002956
"gbr_1",1003078
"gbr_1",1003127
"gbr_1",1003226
"gbr_1",1003534
"gbr_1",1003634
"gbr_1",1003662
"gbr_1",1003682
"gbr_1",1003790
"gbr_1",1003815
"gbr_1",1003846
"gbr_1",1003880
"gbr_1",1003914
"gbr_1",1003939
"gbr_1",1003963
"gbr_1",1003991
"gbr_1",1004017
"gbr_1",1002943
"gbr_1",1002955
"gbr_1",1002973
"gbr_1",1003077
"gbr_1",1003104
"gbr_1",1003126
"gbr_1",1003149
"gbr_1",1003186
"gbr_1",1003204
"gbr_1",1003296
"gbr_1",1003633
"gbr_1",1003661
"gbr_1",1003681
"gbr_1",1003699
"gbr_1",1003879
"gbr_1",1003913
"gbr_1",1003938
"gbr_1",1003962
"gbr_1",1003990
"gbr_1",1004016
"gbr_1",1004036
"gbr_1",1004049
"gbr_1",1002972
"gbr_1",1003125
"gbr_1",1003148
"gbr_1",1003170
"gbr_1",1003607
"gbr_1",1003632
"gbr_1",1003660
"gbr_1",1003680
"gbr_1",1003698
"gbr_1",1003845
"gbr_1",1003878
"gbr_1",1003912
"gbr_1",1003937
"gbr_1",1003961
"gbr_1",1003989
"gbr_1",1004015
"gbr_1",1004035
"gbr_1",1004048
"gbr_1",1004069
"gbr_1",1004084
"gbr_1",1004103
"gbr_1",1004119
"gbr_1",1002971
"gbr_1",1002994
"gbr_1",1003017
"gbr_1",1003032
"gbr_1",1003054
"gbr_1",1003124
"gbr_1",1003147
"gbr_1",1003185
"gbr_1",1003203
"gbr_1",1003268
"gbr_1",1003295
"gbr_1",1003473
"gbr_1",1003606
"gbr_1",1003631
"gbr_1",1003659
"gbr_1",1003697
"gbr_1",1003712
"gbr_1",1003738
"gbr_1",1003911
"gbr_1",1003936
"gbr_1",1003960
"gbr_1",1003988
"gbr_1",1004014
"gbr_1",1004034
"gbr_1",1004047
"gbr_1",1004068
"gbr_1",1004083
"gbr_1",1004102
"gbr_1",1004118
"gbr_1",1004135
"gbr_1",1004152
"gbr_1",1004173
"gbr_1",1004204
"gbr_1",1004232
"gbr_1",1004325
"gbr_1",1004351
"gbr_1",1004375
"gbr_1",1004397
"gbr_1",1004422
"gbr_1",1004450
"gbr_1",1004473
"gbr_1",1004499
"gbr_1",1003053
"gbr_1",1003184
"gbr_1",1003202
"gbr_1",1003225
"gbr_1",1003339
"gbr_1",1003472
"gbr_1",1003485
"gbr_1",1003511
"gbr_1",1003696
"gbr_1",1003711
"gbr_1",1003737
"gbr_1",1003765
"gbr_1",1003789
"gbr_1",1003877
"gbr_1",1003910
"gbr_1",1003935
"gbr_1",1003959
"gbr_1",1003987
"gbr_1",1004033
"gbr_1",1004046
"gbr_1",1004067
"gbr_1",1004082
"gbr_1",1004101
"gbr_1",1004117
"gbr_1",1004134
"gbr_1",1004151
"gbr_1",1004203
"gbr_1",1004231
"gbr_1",1004253
"gbr_1",1004296
"gbr_1",1004324
"gbr_1",1004421
"gbr_1",1004449
"gbr_1",1004472
"gbr_1",1004498
"gbr_1",1004525
"gbr_1",1003076
"gbr_1",1003338
"gbr_1",1003363
"gbr_1",1003395
"gbr_1",1003484
"gbr_1",1003510
"gbr_1",1003695
"gbr_1",1003710
"gbr_1",1003736
"gbr_1",1003764
"gbr_1",1003788
"gbr_1",1003876
"gbr_1",1003909
"gbr_1",1003934
"gbr_1",1004032
"gbr_1",1004045
"gbr_1",1004066
"gbr_1",1004081
"gbr_1",1004100
"gbr_1",1004116
"gbr_1",1004133
"gbr_1",1004150
"gbr_1",1004172
"gbr_1",1004202
"gbr_1",1004230
"gbr_1",1004252
"gbr_1",1004277
"gbr_1",1004323
"gbr_1",1004420
"gbr_1",1004448
"gbr_1",1004524
"gbr_1",1004550
"gbr_1",1004578
"gbr_1",1004636
"gbr_1",1003267
"gbr_1",1003424
"gbr_1",1003445
"gbr_1",1003509
"gbr_1",1003630
"gbr_1",1003679
"gbr_1",1003694
"gbr_1",1003735
"gbr_1",1003763
"gbr_1",1003787
"gbr_1",1003875
"gbr_1",1003908
"gbr_1",1003986
"gbr_1",1004013
"gbr_1",1004031
"gbr_1",1004065
"gbr_1",1004080
"gbr_1",1004099
"gbr_1",1004115
"gbr_1",1004132
"gbr_1",1004149
"gbr_1",1004171
"gbr_1",1004201
"gbr_1",1004229
"gbr_1",1004374
"gbr_1",1004419
"gbr_1",1004447
"gbr_1",1004471
"gbr_1",1004497
"gbr_1",1004549
"gbr_1",1004577
"gbr_1",1004604
"gbr_1",1004635
"gbr_1",1004665
"gbr_1",1004693
"gbr_1",1004720
"gbr_1",1003103
"gbr_1",1003169
"gbr_1",1003583
"gbr_1",1003629
"gbr_1",1003658
"gbr_1",1003678
"gbr_1",1003693
"gbr_1",1003734
"gbr_1",1003762
"gbr_1",1003786
"gbr_1",1003814
"gbr_1",1003844
"gbr_1",1003874
"gbr_1",1003985
"gbr_1",1004012
"gbr_1",1004044
"gbr_1",1004064
"gbr_1",1004098
"gbr_1",1004114
"gbr_1",1004131
"gbr_1",1004148
"gbr_1",1004170
"gbr_1",1004200
"gbr_1",1004228
"gbr_1",1004251
"gbr_1",1004276
"gbr_1",1004295
"gbr_1",1004322
"gbr_1",1004418
"gbr_1",1004446
"gbr_1",1004470
"gbr_1",1004496
"gbr_1",1004523
"gbr_1",1004603
"gbr_1",1004634
"gbr_1",1004664
"gbr_1",1004692
"gbr_1",1004719
"gbr_1",1004762
"gbr_1",1003123
"gbr_1",1003146
"gbr_1",1003168
"gbr_1",1003444
"gbr_1",1003461
"gbr_1",1003558
"gbr_1",1003628
"gbr_1",1003657
"gbr_1",1003677
"gbr_1",1003692
"gbr_1",1003733
"gbr_1",1003761
"gbr_1",1003785
"gbr_1",1003813
"gbr_1",1003843
"gbr_1",1003873
"gbr_1",1003907
"gbr_1",1003933
"gbr_1",1003958
"gbr_1",1003984
"gbr_1",1004011
"gbr_1",1004030
"gbr_1",1004043
"gbr_1",1004063
"gbr_1",1004079
"gbr_1",1004097
"gbr_1",1004113
"gbr_1",1004130
"gbr_1",1004147
"gbr_1",1004169
"gbr_1",1004199
"gbr_1",1004227
"gbr_1",1004250
"gbr_1",1004275
"gbr_1",1004294
"gbr_1",1004350
"gbr_1",1004373
"gbr_1",1004396
"gbr_1",1004417
"gbr_1",1004445
"gbr_1",1004469
"gbr_1",1004495
"gbr_1",1004522
"gbr_1",1004548
"gbr_1",1004576
"gbr_1",1004602
"gbr_1",1004633
"gbr_1",1004663
"gbr_1",1004691
"gbr_1",1004718
"gbr_1",1004737
"gbr_1",1004751
"gbr_1",1004761
"gbr_1",1004766
"gbr_1",1003122
"gbr_1",1003145
"gbr_1",1003167
"gbr_1",1003732
"gbr_1",1003760
"gbr_1",1003784
"gbr_1",1003812
"gbr_1",1003842
"gbr_1",1003872
"gbr_1",1003906
"gbr_1",1003932
"gbr_1",1003957
"gbr_1",1003983
"gbr_1",1004029
"gbr_1",1004042
"gbr_1",1004062
"gbr_1",1004096
"gbr_1",1004112
"gbr_1",1004146
"gbr_1",1004168
"gbr_1",1004198
"gbr_1",1004226
"gbr_1",1004249
"gbr_1",1004274
"gbr_1",1004293
"gbr_1",1004321
"gbr_1",1004349
"gbr_1",1004372
"gbr_1",1004395
"gbr_1",1004444
"gbr_1",1004468
"gbr_1",1004494
"gbr_1",1004521
"gbr_1",1004547
"gbr_1",1004575
"gbr_1",1004601
"gbr_1",1004632
"gbr_1",1004662
"gbr_1",1004690
"gbr_1",1004717
"gbr_1",1003811
"gbr_1",1003841
"gbr_1",1003871
"gbr_1",1003905
"gbr_1",1003931
"gbr_1",1003956
"gbr_1",1003982
"gbr_1",1004010
"gbr_1",1004028
"gbr_1",1004041
"gbr_1",1004061
"gbr_1",1004078
"gbr_1",1004095
"gbr_1",1004111
"gbr_1",1004145
"gbr_1",1004167
"gbr_1",1004197
"gbr_1",1004225
"gbr_1",1004292
"gbr_1",1004320
"gbr_1",1004348
"gbr_1",1004371
"gbr_1",1004394
"gbr_1",1004443
"gbr_1",1004493
"gbr_1",1004520
"gbr_1",1004574
"gbr_1",1004600
"gbr_1",1004631
"gbr_1",1004661
"gbr_1",1004689
"gbr_1",1004716
"gbr_1",1004736
"gbr_1",1003144
"gbr_1",1003166
"gbr_1",1003294
"gbr_1",1003759
"gbr_1",1003783
"gbr_1",1003870
"gbr_1",1003904
"gbr_1",1003930
"gbr_1",1003955
"gbr_1",1004009
"gbr_1",1004027
"gbr_1",1004077
"gbr_1",1004094
"gbr_1",1004144
"gbr_1",1004166
"gbr_1",1004196
"gbr_1",1004224
"gbr_1",1004347
"gbr_1",1004416
"gbr_1",1004492
"gbr_1",1004519
"gbr_1",1004546
"gbr_1",1004573
"gbr_1",1004630
"gbr_1",1004660
"gbr_1",1004715
"gbr_1",1003165
"gbr_1",1003293
"gbr_1",1003320
"gbr_1",1003758
"gbr_1",1003782
"gbr_1",1003810
"gbr_1",1003840
"gbr_1",1003869
"gbr_1",1003903
"gbr_1",1003954
"gbr_1",1003981
"gbr_1",1004008
"gbr_1",1004026
"gbr_1",1004040
"gbr_1",1004060
"gbr_1",1004076
"gbr_1",1004110
"gbr_1",1004129
"gbr_1",1004143
"gbr_1",1004165
"gbr_1",1004195
"gbr_1",1004223
"gbr_1",1004248
"gbr_1",1004291
"gbr_1",1004319
"gbr_1",1004346
"gbr_1",1004393
"gbr_1",1004415
"gbr_1",1004442
"gbr_1",1004467
"gbr_1",1004491
"gbr_1",1004518
"gbr_1",1004572
"gbr_1",1004599
"gbr_1",1004629
"gbr_1",1004688
"gbr_1",1004714
"gbr_1",1003164
"gbr_1",1003183
"gbr_1",1003266
"gbr_1",1003292
"gbr_1",1003319
"gbr_1",1003394
"gbr_1",1003423
"gbr_1",1003781
"gbr_1",1003809
"gbr_1",1003839
"gbr_1",1003868
"gbr_1",1003902
"gbr_1",1003929
"gbr_1",1003953
"gbr_1",1003980
"gbr_1",1004007
"gbr_1",1004025
"gbr_1",1004059
"gbr_1",1004075
"gbr_1",1004093
"gbr_1",1004109
"gbr_1",1004128
"gbr_1",1004142
"gbr_1",1004164
"gbr_1",1004194
"gbr_1",1004222
"gbr_1",1004247
"gbr_1",1004273
"gbr_1",1004290
"gbr_1",1004318
"gbr_1",1004345
"gbr_1",1004370
"gbr_1",1004392
"gbr_1",1004441
"gbr_1",1004466
"gbr_1",1004490
"gbr_1",1004517
"gbr_1",1004545
"gbr_1",1004571
"gbr_1",1004628
"gbr_1",1004659
"gbr_1",1004687
"gbr_1",1003163
"gbr_1",1003182
"gbr_1",1003201
"gbr_1",1003224
"gbr_1",1003265
"gbr_1",1003291
"gbr_1",1003318
"gbr_1",1003337
"gbr_1",1003393
"gbr_1",1003422
"gbr_1",1003928
"gbr_1",1003952
"gbr_1",1003979
"gbr_1",1004006
"gbr_1",1004074
"gbr_1",1004092
"gbr_1",1004108
"gbr_1",1004127
"gbr_1",1004163
"gbr_1",1004193
"gbr_1",1004221
"gbr_1",1004272
"gbr_1",1004289
"gbr_1",1004317
"gbr_1",1004344
"gbr_1",1004369
"gbr_1",1004440
"gbr_1",1004465
"gbr_1",1004489
"gbr_1",1004516
"gbr_1",1004544
"gbr_1",1004570
"gbr_1",1004598
"gbr_1",1004627
"gbr_1",1004658
"gbr_1",1004686
"gbr_1",1004713
"gbr_1",1003181
"gbr_1",1003200
"gbr_1",1003223
"gbr_1",1003264
"gbr_1",1003290
"gbr_1",1003317
"gbr_1",1003336
"gbr_1",1003362
"gbr_1",1003392
"gbr_1",1003443
"gbr_1",1003533
"gbr_1",1003582
"gbr_1",1003605
"gbr_1",1004005
"gbr_1",1004024
"gbr_1",1004039
"gbr_1",1004058
"gbr_1",1004073
"gbr_1",1004091
"gbr_1",1004107
"gbr_1",1004126
"gbr_1",1004162
"gbr_1",1004192
"gbr_1",1004220
"gbr_1",1004316
"gbr_1",1004343
"gbr_1",1004368
"gbr_1",1004391
"gbr_1",1004414
"gbr_1",1004439
"gbr_1",1004464
"gbr_1",1004488
"gbr_1",1004543
"gbr_1",1004569
"gbr_1",1004597
"gbr_1",1004626
"gbr_1",1004657
"gbr_1",1004685
"gbr_1",1003180
"gbr_1",1003222
"gbr_1",1003316
"gbr_1",1003335
"gbr_1",1003361
"gbr_1",1003391
"gbr_1",1003421
"gbr_1",1003442
"gbr_1",1003508
"gbr_1",1003532
"gbr_1",1003557
"gbr_1",1003581
"gbr_1",1004004
"gbr_1",1004023
"gbr_1",1004072
"gbr_1",1004090
"gbr_1",1004106
"gbr_1",1004125
"gbr_1",1004141
"gbr_1",1004161
"gbr_1",1004191
"gbr_1",1004271
"gbr_1",1004288
"gbr_1",1004315
"gbr_1",1004342
"gbr_1",1004367
"gbr_1",1004390
"gbr_1",1004413
"gbr_1",1004438
"gbr_1",1004463
"gbr_1",1004487
"gbr_1",1004515
"gbr_1",1004542
"gbr_1",1004568
"gbr_1",1004596
"gbr_1",1004625
"gbr_1",1004656
"gbr_1",1004684
"gbr_1",1003221
"gbr_1",1003289
"gbr_1",1003360
"gbr_1",1003390
"gbr_1",1003420
"gbr_1",1003951
"gbr_1",1003978
"gbr_1",1004089
"gbr_1",1004105
"gbr_1",1004124
"gbr_1",1004190
"gbr_1",1004219
"gbr_1",1004246
"gbr_1",1004270
"gbr_1",1004341
"gbr_1",1004366
"gbr_1",1004389
"gbr_1",1004412
"gbr_1",1004437
"gbr_1",1004462
"gbr_1",1004486
"gbr_1",1004514
"gbr_1",1004541
"gbr_1",1004567
"gbr_1",1004595
"gbr_1",1004624
"gbr_1",1004655
"gbr_1",1004683
"gbr_1",1004712
"gbr_1",1003220
"gbr_1",1003243
"gbr_1",1003263
"gbr_1",1003288
"gbr_1",1003315
"gbr_1",1003334
"gbr_1",1003359
"gbr_1",1003389
"gbr_1",1003419
"gbr_1",1003531
"gbr_1",1003556
"gbr_1",1003580
"gbr_1",1003604
"gbr_1",1003627
"gbr_1",1003867
"gbr_1",1003901
"gbr_1",1003927
"gbr_1",1003950
"gbr_1",1003977
"gbr_1",1004088
"gbr_1",1004123
"gbr_1",1004140
"gbr_1",1004160
"gbr_1",1004189
"gbr_1",1004218
"gbr_1",1004269
"gbr_1",1004287
"gbr_1",1004314
"gbr_1",1004340
"gbr_1",1004365
"gbr_1",1004388
"gbr_1",1004411
"gbr_1",1004436
"gbr_1",1004461
"gbr_1",1004485
"gbr_1",1004513
"gbr_1",1004540
"gbr_1",1004566
"gbr_1",1004594
"gbr_1",1004623
"gbr_1",1004654
"gbr_1",1004682
"gbr_1",1004711
"gbr_1",1003219
"gbr_1",1003242
"gbr_1",1003262
"gbr_1",1003287
"gbr_1",1003314
"gbr_1",1003358
"gbr_1",1003388
"gbr_1",1003418
"gbr_1",1003555
"gbr_1",1003579
"gbr_1",1003603
"gbr_1",1003626
"gbr_1",1003866
"gbr_1",1003900
"gbr_1",1004122
"gbr_1",1004139
"gbr_1",1004159
"gbr_1",1004188
"gbr_1",1004217
"gbr_1",1004245
"gbr_1",1004268
"gbr_1",1004313
"gbr_1",1004339
"gbr_1",1004364
"gbr_1",1004387
"gbr_1",1004410
"gbr_1",1004435
"gbr_1",1004460
"gbr_1",1004484
"gbr_1",1004512
"gbr_1",1004539
"gbr_1",1004565
"gbr_1",1004593
"gbr_1",1004622
"gbr_1",1004653
"gbr_1",1004681
"gbr_1",1004710
"gbr_1",1003218
"gbr_1",1003241
"gbr_1",1003261
"gbr_1",1003286
"gbr_1",1003313
"gbr_1",1003387
"gbr_1",1003417
"gbr_1",1003578
"gbr_1",1003602
"gbr_1",1003625
"gbr_1",1003865
"gbr_1",1003899
"gbr_1",1003949
"gbr_1",1004138
"gbr_1",1004158
"gbr_1",1004187
"gbr_1",1004216
"gbr_1",1004244
"gbr_1",1004267
"gbr_1",1004312
"gbr_1",1004338
"gbr_1",1004363
"gbr_1",1004386
"gbr_1",1004409
"gbr_1",1004434
"gbr_1",1004459
"gbr_1",1004483
"gbr_1",1004511
"gbr_1",1004538
"gbr_1",1004564
"gbr_1",1004592
"gbr_1",1004621
"gbr_1",1004652
"gbr_1",1004680
"gbr_1",1003260
"gbr_1",1003285
"gbr_1",1003386
"gbr_1",1003416
"gbr_1",1003577
"gbr_1",1003601
"gbr_1",1003624
"gbr_1",1003656
"gbr_1",1004157
"gbr_1",1004186
"gbr_1",1004266
"gbr_1",1004286
"gbr_1",1004311
"gbr_1",1004337
"gbr_1",1004362
"gbr_1",1004433
"gbr_1",1004458
"gbr_1",1004482
"gbr_1",1004510
"gbr_1",1004537
"gbr_1",1004563
"gbr_1",1004591
"gbr_1",1004620
"gbr_1",1004651
"gbr_1",1004679
"gbr_1",1004709
"gbr_1",1003217
"gbr_1",1003259
"gbr_1",1003284
"gbr_1",1003312
"gbr_1",1003357
"gbr_1",1003385
"gbr_1",1003507
"gbr_1",1003976
"gbr_1",1004038
"gbr_1",1004057
"gbr_1",1004285
"gbr_1",1004310
"gbr_1",1004361
"gbr_1",1004385
"gbr_1",1004432
"gbr_1",1004457
"gbr_1",1004481
"gbr_1",1004509
"gbr_1",1004536
"gbr_1",1004562
"gbr_1",1004590
"gbr_1",1004619
"gbr_1",1004650
"gbr_1",1004678
"gbr_1",1004708
"gbr_1",1003216
"gbr_1",1003240
"gbr_1",1003258
"gbr_1",1003283
"gbr_1",1003356
"gbr_1",1003384
"gbr_1",1003415
"gbr_1",1003441
"gbr_1",1003460
"gbr_1",1003506
"gbr_1",1003530
"gbr_1",1003554
"gbr_1",1003655
"gbr_1",1004056
"gbr_1",1004309
"gbr_1",1004336
"gbr_1",1004360
"gbr_1",1004384
"gbr_1",1004408
"gbr_1",1004431
"gbr_1",1004456
"gbr_1",1004480
"gbr_1",1004508
"gbr_1",1004535
"gbr_1",1004561
"gbr_1",1004589
"gbr_1",1004618
"gbr_1",1004649
"gbr_1",1004677
"gbr_1",1004707
"gbr_1",1004735
"gbr_1",1003239
"gbr_1",1003257
"gbr_1",1003282
"gbr_1",1003311
"gbr_1",1003333
"gbr_1",1003383
"gbr_1",1003414
"gbr_1",1003440
"gbr_1",1003459
"gbr_1",1003505
"gbr_1",1003553
"gbr_1",1003676
"gbr_1",1003757
"gbr_1",1004359
"gbr_1",1004383
"gbr_1",1004407
"gbr_1",1004430
"gbr_1",1004455
"gbr_1",1004479
"gbr_1",1004507
"gbr_1",1004534
"gbr_1",1004560
"gbr_1",1004588
"gbr_1",1004617
"gbr_1",1004648
"gbr_1",1004676
"gbr_1",1004706
"gbr_1",1004734
"gbr_1",1003238
"gbr_1",1003256
"gbr_1",1003281
"gbr_1",1003310
"gbr_1",1003382
"gbr_1",1003413
"gbr_1",1003439
"gbr_1",1003458
"gbr_1",1003504
"gbr_1",1003529
"gbr_1",1003623
"gbr_1",1003731
"gbr_1",1003756
"gbr_1",1004382
"gbr_1",1004406
"gbr_1",1004429
"gbr_1",1004478
"gbr_1",1004506
"gbr_1",1004533
"gbr_1",1004559
"gbr_1",1004587
"gbr_1",1004616
"gbr_1",1004647
"gbr_1",1004675
"gbr_1",1004705
"gbr_1",1004733
"gbr_1",1004750
"gbr_1",1004760
"gbr_1",1003255
"gbr_1",1003280
"gbr_1",1003381
"gbr_1",1003412
"gbr_1",1003438
"gbr_1",1003457
"gbr_1",1003503
"gbr_1",1003528
"gbr_1",1003576
"gbr_1",1003600
"gbr_1",1003622
"gbr_1",1003654
"gbr_1",1003730
"gbr_1",1004405
"gbr_1",1004428
"gbr_1",1004454
"gbr_1",1004505
"gbr_1",1004532
"gbr_1",1004558
"gbr_1",1004586
"gbr_1",1004615
"gbr_1",1004646
"gbr_1",1004674
"gbr_1",1004704
"gbr_1",1004732
"gbr_1",1004749
"gbr_1",1003279
"gbr_1",1003380
"gbr_1",1003411
"gbr_1",1003437
"gbr_1",1003456
"gbr_1",1003471
"gbr_1",1003502
"gbr_1",1003653
"gbr_1",1003755
"gbr_1",1004477
"gbr_1",1004504
"gbr_1",1004531
"gbr_1",1004557
"gbr_1",1004585
"gbr_1",1004614
"gbr_1",1004645
"gbr_1",1004673
"gbr_1",1004703
"gbr_1",1004731
"gbr_1",1004748
"gbr_1",1004759
"gbr_1",1003278
"gbr_1",1003410
"gbr_1",1003436
"gbr_1",1003470
"gbr_1",1003575
"gbr_1",1003729
"gbr_1",1003754
"gbr_1",1004476
"gbr_1",1004503
"gbr_1",1004530
"gbr_1",1004556
"gbr_1",1004584
"gbr_1",1004613
"gbr_1",1004644
"gbr_1",1004672
"gbr_1",1004702
"gbr_1",1004730
"gbr_1",1004747
"gbr_1",1004758
"gbr_1",1004765
"gbr_1",1003254
"gbr_1",1003409
"gbr_1",1003552
"gbr_1",1003574
"gbr_1",1003621
"gbr_1",1003652
"gbr_1",1003675
"gbr_1",1003728
"gbr_1",1004583
"gbr_1",1004612
"gbr_1",1004643
"gbr_1",1004671
"gbr_1",1004701
"gbr_1",1004729
"gbr_1",1004746
"gbr_1",1004757
"gbr_1",1003408
"gbr_1",1003527
"gbr_1",1003551
"gbr_1",1003573
"gbr_1",1003599
"gbr_1",1003620
"gbr_1",1003651
"gbr_1",1003674
"gbr_1",1004555
"gbr_1",1004582
"gbr_1",1004611
"gbr_1",1004642
"gbr_1",1004670
"gbr_1",1004700
"gbr_1",1004728
"gbr_1",1004745
"gbr_1",1004756
"gbr_1",1003332
"gbr_1",1003355
"gbr_1",1003407
"gbr_1",1003550
"gbr_1",1003572
"gbr_1",1003598
"gbr_1",1003619
"gbr_1",1003650
"gbr_1",1003691
"gbr_1",1003709
"gbr_1",1004554
"gbr_1",1004581
"gbr_1",1004610
"gbr_1",1004641
"gbr_1",1004669
"gbr_1",1004699
"gbr_1",1004727
"gbr_1",1004744
"gbr_1",1004755
"gbr_1",1003526
"gbr_1",1003549
"gbr_1",1003597
"gbr_1",1003618
"gbr_1",1003649
"gbr_1",1003673
"gbr_1",1003727
"gbr_1",1003780
"gbr_1",1004609
"gbr_1",1004640
"gbr_1",1004698
"gbr_1",1004726
"gbr_1",1004743
"gbr_1",1003354
"gbr_1",1003379
"gbr_1",1003571
"gbr_1",1003596
"gbr_1",1003617
"gbr_1",1003648
"gbr_1",1003672
"gbr_1",1003690
"gbr_1",1003753
"gbr_1",1003779
"gbr_1",1003808
"gbr_1",1004639
"gbr_1",1004668
"gbr_1",1004697
"gbr_1",1004725
"gbr_1",1004742
"gbr_1",1003595
"gbr_1",1003616
"gbr_1",1003778
"gbr_1",1003807
"gbr_1",1004667
"gbr_1",1003671
"gbr_1",1003806
"gbr_1",1003805
"gbr_1",1003838
"gbr_1",1003804
"gbr_1",1003837
"gbr_1",1003898
"gbr_1",1003926
"gbr_1",1004137
"gbr_1",1004156
"gbr_1",1004696
"gbr_1",1004724
"gbr_1",1003836
"gbr_1",1003925
"gbr_1",1004185
"gbr_1",1003835
"gbr_1",1004184
"gbr_1",1004265
"gbr_1",1004183
"gbr_1",1004215
"gbr_1",1004243
"gbr_1",1004264
"gbr_1",1003803
"gbr_1",1003834
"gbr_1",1004308
"gbr_1",1003864
"gbr_1",1004242
"gbr_1",1004263
"gbr_1",1004284
"gbr_1",1004307
"gbr_1",1003863
"gbr_1",1003897
"gbr_1",1003924
"gbr_1",1004182
"gbr_1",1004214
"gbr_1",1004262
"gbr_1",1004283
"gbr_1",1004306
"gbr_1",1003833
"gbr_1",1003862
"gbr_1",1003896
"gbr_1",1003923
"gbr_1",1003975
"gbr_1",1004003
"gbr_1",1004181
"gbr_1",1004213
"gbr_1",1004241
"gbr_1",1004305
"gbr_1",1003802
"gbr_1",1003832
"gbr_1",1003861
"gbr_1",1003895
"gbr_1",1003922
"gbr_1",1003974
"gbr_1",1004002
"gbr_1",1004240
"gbr_1",1004304
"gbr_1",1004335
"gbr_1",1003831
"gbr_1",1003860
"gbr_1",1003921
"gbr_1",1004261
"gbr_1",1004282
"gbr_1",1004303
"gbr_1",1004334
"gbr_1",1003830
"gbr_1",1003859
"gbr_1",1003920
"gbr_1",1003973
"gbr_1",1004001
"gbr_1",1004212
"gbr_1",1004239
"gbr_1",1004260
"gbr_1",1004281
"gbr_1",1004302
"gbr_1",1004333
"gbr_1",1004358
"gbr_1",1003829
"gbr_1",1003858
"gbr_1",1003894
"gbr_1",1003972
"gbr_1",1004000
"gbr_1",1004211
"gbr_1",1004238
"gbr_1",1004259
"gbr_1",1004280
"gbr_1",1004301
"gbr_1",1004332
"gbr_1",1004357
"gbr_1",1003828
"gbr_1",1003893
"gbr_1",1003971
"gbr_1",1003999
"gbr_1",1004022
"gbr_1",1004331
"gbr_1",1004356
"gbr_1",1004381
"gbr_1",1004404
"gbr_1",1003857
"gbr_1",1003892
"gbr_1",1003948
"gbr_1",1003970
"gbr_1",1003998
"gbr_1",1004021
"gbr_1",1004155
"gbr_1",1004180
"gbr_1",1004300
"gbr_1",1004330
"gbr_1",1004355
"gbr_1",1004380
"gbr_1",1004403
"gbr_1",1003997
"gbr_1",1004037
"gbr_1",1004210
"gbr_1",1004237
"gbr_1",1004258
"gbr_1",1004279
"gbr_1",1004299
"gbr_1",1004329
"gbr_1",1004354
"gbr_1",1004379
"gbr_1",1004402
"gbr_1",1004427
"gbr_1",1004055
"gbr_1",1004179
"gbr_1",1004209
"gbr_1",1004236
"gbr_1",1004257
"gbr_1",1004278
"gbr_1",1004378
"gbr_1",1004401
"gbr_1",1004426
"gbr_1",1004054
"gbr_1",1004178
"gbr_1",1004208
"gbr_1",1004235
"gbr_1",1004256
"gbr_1",1004377
"gbr_1",1004400
"gbr_1",1004053
"gbr_1",1004154
"gbr_1",1004177
"gbr_1",1004207
"gbr_1",1004353
"gbr_1",1004376
"gbr_1",1004399
"gbr_1",1004425
"gbr_1",1004453
"gbr_1",1004052
"gbr_1",1004153
"gbr_1",1004176
"gbr_1",1004206
"gbr_1",1004398
"gbr_1",1004424
"gbr_1",1004452
"gbr_1",1004475
"gbr_1",1004071
"gbr_1",1004423
"gbr_1",1004451
"gbr_1",1004502
"gbr_1",1004529
"gbr_1",1004070
"gbr_1",1004087
"gbr_1",1004474
"gbr_1",1004501
"gbr_1",1004528
"gbr_1",1004086
"gbr_1",1004500
"gbr_1",1004527
"gbr_1",1004553
"gbr_1",1004804
"gbr_1",1004085
"gbr_1",1004104
"gbr_1",1004526
"gbr_1",1004552
"gbr_1",1004580
"gbr_1",1004608
"gbr_1",1004121
"gbr_1",1004175
"gbr_1",1004551
"gbr_1",1004579
"gbr_1",1004120
"gbr_1",1004174
"gbr_1",1004205
"gbr_1",1004234
"gbr_1",1004255
"gbr_1",1004136
"gbr_1",1004233
"gbr_1",1004254
"gbr_1",1004298
"gbr_1",1004723
"gbr_1",1004741
"gbr_1",1004297
"gbr_1",1004328
"gbr_1",1004695
"gbr_1",1004722
"gbr_1",1004740
"gbr_1",1004754
"gbr_1",1004327
"gbr_1",1004694
"gbr_1",1004721
"gbr_1",1004739
"gbr_1",1004753
"gbr_1",1004326
"gbr_1",1004352
"gbr_1",1004774
"gbr_1",1004780
"gbr_1",1004784
"gbr_1",1004773
"gbr_1",1004779
"gbr_1",1004783
"guam_Tumon Bay Marine Preserve",1020017
"guam_Tumon Bay Marine Preserve",1020022
"guam_Sasa Bay Marine Preserve",1020008
"guam_Piti Bomb Holes Marine Preserve",1020008
"guam_Piti Bomb Holes Marine Preserve",1020010
"guam_Achang Reef Flat Marine Preserve",1020007
"guam_Achang Reef Flat Marine Preserve",1020009
"guam_Pati Point Marine Preserve",1020028
"guam_Pati Point Marine Preserve",1020035
"guam_Pati Point Marine Preserve",1020041
"guam_Pati Point Marine Preserve",1020034
"guam_Pati Point Marine Preserve",1020040
"guam_Pati Point Marine Preserve",1020033
"cnmi_1",1020109
"cnmi_1",1020097
"cnmi_1",1020108
"cnmi_2",1020129
"cnmi_2",1020120
"cnmi_3",1020120
"cnmi_4",1020131
"cnmi_4",1020130
"cnmi_5",1020096
"cnmi_7",1020131
"cnmi_7",1020130
"cnmi_9",1020131
"cnmi_10",1020081
"cnmi_10",1020080
"hawaii_Honolua-Mokuleia Bay MLCD",1010414
"hawaii_Hanauma Bay MLCD",1010302
"hawaii_Kealakekua Bay MLCD: Zone B",1010520
"hawaii_Kealakekua Bay MLCD: Zone A",1010520
"hawaii_Lapakahi MLCD: Zone B",1010527
"hawaii_Lapakahi MLCD: Zone A",1010527
"hawaii_Manele-Hulopoe MLCD: Zone B (Manele Bay)",1010360
"hawaii_Manele-Hulopoe MLCD: Zone A (Hulopoe Bay)",1010354
"hawaii_Manele-Hulopoe MLCD: Zone A (Hulopoe Bay)",1010360
"hawaii_Molokini Shoal MLCD: Zone A",1010436
"hawaii_Molokini Shoal MLCD: Zone B",1010436
"hawaii_Old Kona Airport MLCD",1010484
"hawaii_Pupukea MLCD: Shark's Cove & Three Tables",1010268
"hawaii_Old Kona Airport MLCD: No Boating Zone",1010484
"hawaii_Port Allen FMA",1010215
"hawaii_Nawiliwili Harbor FMA",1010231
"hawaii_Kiholo Bay FMA",1010521
"hawaii_Kahekili Herbivore FMA",1010403
"hawaii_Puako Bay and Puako Reef FMA",1010534
"hawaii_Keauhou Bay FMA",1010501
"hawaii_Hilo Harbor, Wailoa River & Wailuku River",1010603
"hawaii_Kailua Bay FMA: Zone B",1010484
"hawaii_Kaunakakai Harbor FMA: Area 2",1010344
"hawaii_Kaunakakai Harbor FMA: Area 1A",1010344
"hawaii_Kaunakakai Harbor FMA: Area 1B",1010344
"hawaii_Wawaloli FMA",1010475
"hawaii_Wawaloli FMA",1010474
"hawaii_Papawai Bay FMA",1010484
"hawaii_Kailua Bay FMA",1010484
"hawaii_Manele Harbor FMA: Area 2",1010360
"hawaii_Manele Harbor FMA: Area 1",1010360
"hawaii_Keauhou Bay FMA: Thrownetting Zone",1010501
"hawaii_Kahului Harbor FMA",1010440
"hawaii_Hanamaulu Bay & Ahukini Recreational Pier FMA: Zone 2",1010235
"hawaii_Red Hill FMA",1010500
"hawaii_Red Hill FMA",1010499
"hawaii_Red Hill FMA",1010520
"hawaii_Hanamaulu Bay & Ahukini Recreational Pier FMA: Zone 1",1010235
"hawaii_South Kona Opelu Mgmt Special Rules",1010519
"hawaii_South Kona Opelu Mgmt Special Rules",1010518
"hawaii_South Kona Opelu Mgmt Special Rules",1010516
"hawaii_South Kona Opelu Mgmt Special Rules",1010515
"hawaii_South Kona Opelu Mgmt Special Rules",1010514
"hawaii_South Kona Opelu Mgmt Special Rules",1010513
"hawaii_South Kona Opelu Mgmt Special Rules",1010512
"hawaii_Honolulu Harbor",1010283
"hawaii_Pokai Bay",1010255
"hawaii_Pokai Bay",1010254
"hawaii_Mokuoloe (Coconut Island) MLR",1010295
"hawaii_Waiakea PFA",1010603
"hawaii_Haena CBFA",1010212
"hawaii_Haena CBFA",1010216
"hawaii_Haena CBFA: Vessel Transit Boundary",1010216
"hawaii_Haena CBFA: Opihi Management Area",1010216
"hawaii_Haena CBFA: Makua Puuhonua",1010216
"hawaii_Ka Lae (South Pt) (BRFA M)",1010552
"hawaii_Ka Lae (South Pt) (BRFA M)",1010556
"hawaii_Ka Lae (South Pt) (BRFA M)",1010551
"hawaii_Ka Lae (South Pt) (BRFA M)",1010555
"hawaii_Leleiwi Pt (BRFA L)",1010616
"hawaii_Leleiwi Pt (BRFA L)",1010620
"hawaii_Leleiwi Pt (BRFA L)",1010619
"hawaii_Leleiwi Pt (BRFA L)",1010624
"hawaii_Leleiwi Pt (BRFA L)",1010623
"hawaii_Upolu Pt (BRFA K)",1010538
"hawaii_Upolu Pt (BRFA K)",1010542
"hawaii_Upolu Pt (BRFA K)",1010546
"hawaii_Upolu Pt (BRFA K)",1010537
"hawaii_Upolu Pt (BRFA K)",1010541
"hawaii_Upolu Pt (BRFA K)",1010545
"hawaii_Upolu Pt (BRFA K)",1010550
"hawaii_Upolu Pt (BRFA K)",1010549
"hawaii_Upolu Pt (BRFA K)",1010554
"hawaii_Upolu Pt (BRFA K)",1010558
"hawaii_Upolu Pt (BRFA K)",1010553
"hawaii_Upolu Pt (BRFA K)",1010557
"hawaii_Upolu Pt (BRFA K)",1010562
"hawaii_Upolu Pt (BRFA K)",1010567
"hawaii_Upolu Pt (BRFA K)",1010572
"hawaii_Upolu Pt (BRFA K)",1010576
"hawaii_Upolu Pt (BRFA K)",1010561
"hawaii_Upolu Pt (BRFA K)",1010566
"hawaii_Upolu Pt (BRFA K)",1010571
"hawaii_Upolu Pt (BRFA K)",1010575
"hawaii_Mokumana-Umalei Pt (BRFA J)",1010472
"hawaii_Mokumana-Umalei Pt (BRFA J)",1010471
"hawaii_Mokumana-Umalei Pt (BRFA J)",1010481
"hawaii_Mokumana-Umalei Pt (BRFA J)",1010490
"hawaii_Mokumana-Umalei Pt (BRFA J)",1010480
"hawaii_Mokumana-Umalei Pt (BRFA J)",1010489
"hawaii_Mokumana-Umalei Pt (BRFA J)",1010510
"hawaii_Mokumana-Umalei Pt (BRFA J)",1010509
"hawaii_Moku Hooniki-Lipoa Pt (BRFA H)",1010406
"hawaii_Moku Hooniki-Lipoa Pt (BRFA H)",1010416
"hawaii_Moku Hooniki-Lipoa Pt (BRFA H)",1010394
"hawaii_Moku Hooniki-Lipoa Pt (BRFA H)",1010405
"hawaii_Moku Hooniki-Lipoa Pt (BRFA H)",1010415
"hawaii_Kalaupapa (BRFA G)",1010351
"hawaii_Kalaupapa (BRFA G)",1010358
"hawaii_Kalaupapa (BRFA G)",1010365
"hawaii_Kalaupapa (BRFA G)",1010357
"hawaii_Kalaupapa (BRFA G)",1010364
"hawaii_Makapuu Pt (BRFA E)",1010305
"hawaii_Makapuu Pt (BRFA E)",1010304
"hawaii_Makapuu Pt (BRFA E)",1010307
"hawaii_Makapuu Pt (BRFA E)",1010303
"hawaii_Makapuu Pt (BRFA E)",1010306
"hawaii_Kaena Pt (BRFA D)",1010257
"hawaii_Kaena Pt (BRFA D)",1010252
"hawaii_Kaena Pt (BRFA D)",1010256
"hawaii_Kaula Rock (BRFA A)",1010163
"hawaii_Kaula Rock (BRFA A)",1010165
"hawaii_Niihau (BRFA B)",1010185
"hawaii_Niihau (BRFA B)",1010180
"hawaii_Niihau (BRFA B)",1010184
"hawaii_Makahuena (BRFA C)",1010219
"hawaii_Makahuena (BRFA C)",1010223
"hawaii_Makahuena (BRFA C)",1010227
"hawaii_Makahuena (BRFA C)",1010230
"hawaii_Makahuena (BRFA C)",1010218
"hawaii_Makahuena (BRFA C)",1010222
"hawaii_Makahuena (BRFA C)",1010226
"hawaii_LNFPA: Maui",1010405
"hawaii_LNFPA: Maui",1010415
"hawaii_LNFPA: Maui",1010424
"hawaii_LNFPA: Maui",1010393
"hawaii_LNFPA: Maui",1010404
"hawaii_LNFPA: Maui",1010414
"hawaii_LNFPA: Maui",1010423
"hawaii_LNFPA: Maui",1010433
"hawaii_LNFPA: Maui",1010392
"hawaii_LNFPA: Maui",1010403
"hawaii_LNFPA: Maui",1010432
"hawaii_LNFPA: Maui",1010441
"hawaii_LNFPA: Maui",1010445
"hawaii_LNFPA: Maui",1010449
"hawaii_LNFPA: Maui",1010452
"hawaii_LNFPA: Maui",1010456
"hawaii_LNFPA: Maui",1010461
"hawaii_LNFPA: Maui",1010379
"hawaii_LNFPA: Maui",1010391
"hawaii_LNFPA: Maui",1010440
"hawaii_LNFPA: Maui",1010444
"hawaii_LNFPA: Maui",1010448
"hawaii_LNFPA: Maui",1010460
"hawaii_LNFPA: Maui",1010465
"hawaii_LNFPA: Maui",1010472
"hawaii_LNFPA: Maui",1010390
"hawaii_LNFPA: Maui",1010464
"hawaii_LNFPA: Maui",1010471
"hawaii_LNFPA: Maui",1010481
"hawaii_LNFPA: Maui",1010490
"hawaii_LNFPA: Maui",1010389
"hawaii_LNFPA: Maui",1010402
"hawaii_LNFPA: Maui",1010480
"hawaii_LNFPA: Maui",1010489
"hawaii_LNFPA: Maui",1010510
"hawaii_LNFPA: Maui",1010401
"hawaii_LNFPA: Maui",1010413
"hawaii_LNFPA: Maui",1010422
"hawaii_LNFPA: Maui",1010431
"hawaii_LNFPA: Maui",1010439
"hawaii_LNFPA: Maui",1010509
"hawaii_LNFPA: Maui",1010531
"hawaii_LNFPA: Maui",1010412
"hawaii_LNFPA: Maui",1010421
"hawaii_LNFPA: Maui",1010430
"hawaii_LNFPA: Maui",1010438
"hawaii_LNFPA: Maui",1010508
"hawaii_LNFPA: Maui",1010530
"hawaii_LNFPA: Maui",1010429
"hawaii_LNFPA: Maui",1010437
"hawaii_LNFPA: Maui",1010488
"hawaii_LNFPA: Maui",1010507
"hawaii_LNFPA: Maui",1010428
"hawaii_LNFPA: Maui",1010436
"hawaii_LNFPA: Maui",1010470
"hawaii_LNFPA: Maui",1010479
"hawaii_LNFPA: Maui",1010487
"hawaii_LNFPA: Maui",1010435
"hawaii_LNFPA: Maui",1010443
"hawaii_LNFPA: Maui",1010447
"hawaii_LNFPA: Maui",1010451
"hawaii_LNFPA: Maui",1010455
"hawaii_LNFPA: Maui",1010459
"hawaii_LNFPA: Maui",1010463
"hawaii_LNFPA: Maui",1010469
"hawaii_LNFPA: Maui",1010478
"hawaii_LNFPA: Maui",1010434
"hawaii_LNFPA: Maui",1010442
"hawaii_LNFPA: Maui",1010446
"hawaii_LNFPA: Maui",1010450
"hawaii_LNFPA: Maui",1010454
"hawaii_LNFPA: Maui",1010458
"hawaii_LNFPA: Oahu",1010290
"hawaii_LNFPA: Oahu",1010297
"hawaii_LNFPA: Oahu",1010289
"hawaii_LNFPA: Oahu",1010296
"hawaii_LNFPA: Oahu",1010301
"hawaii_LNFPA: Oahu",1010295
"hawaii_LNFPA: Oahu",1010300
"hawaii_LNFPA: Oahu",1010305
"hawaii_LNFPA: Oahu",1010304
"hawaii_LNFPA: Oahu",1010307
"hawaii_LNFPA: Oahu",1010275
"hawaii_LNFPA: Oahu",1010279
"hawaii_LNFPA: Oahu",1010283
"hawaii_LNFPA: Oahu",1010299
"hawaii_LNFPA: Oahu",1010282
"hawaii_LNFPA: Oahu",1010288
"hawaii_LNFPA: Oahu",1010294
"hawaii_LNFPA: Oahu",1010298
"hawaii_Kauplehu Marine Reserve",1010502
"hawaii_Kauplehu Marine Reserve",1010485
"hawaii_Kauplehu Marine Reserve",1010486
"hawaii_Kauplehu Marine Reserve",1010502
"hawaii_Kauplehu Marine Reserve",1010485
"hawaii_West Hawaii Regional FMA",1010538
"hawaii_West Hawaii Regional FMA",1010529
"hawaii_West Hawaii Regional FMA",1010537
"hawaii_West Hawaii Regional FMA",1010506
"hawaii_West Hawaii Regional FMA",1010528
"hawaii_West Hawaii Regional FMA",1010505
"hawaii_West Hawaii Regional FMA",1010527
"hawaii_West Hawaii Regional FMA",1010526
"hawaii_West Hawaii Regional FMA",1010525
"hawaii_West Hawaii Regional FMA",1010536
"hawaii_West Hawaii Regional FMA",1010524
"hawaii_West Hawaii Regional FMA",1010535
"hawaii_West Hawaii Regional FMA",1010523
"hawaii_West Hawaii Regional FMA",1010534
"hawaii_West Hawaii Regional FMA",1010503
"hawaii_West Hawaii Regional FMA",1010522
"hawaii_West Hawaii Regional FMA",1010486
"hawaii_West Hawaii Regional FMA",1010502
"hawaii_West Hawaii Regional FMA",1010521
"hawaii_West Hawaii Regional FMA",1010477
"hawaii_West Hawaii Regional FMA",1010468
"hawaii_West Hawaii Regional FMA",1010476
"hawaii_West Hawaii Regional FMA",1010467
"hawaii_West Hawaii Regional FMA",1010475
"hawaii_West Hawaii Regional FMA",1010474
"hawaii_West Hawaii Regional FMA",1010473
"hawaii_West Hawaii Regional FMA",1010484
"hawaii_West Hawaii Regional FMA",1010483
"hawaii_West Hawaii Regional FMA",1010501
"hawaii_West Hawaii Regional FMA",1010482
"hawaii_West Hawaii Regional FMA",1010500
"hawaii_West Hawaii Regional FMA",1010499
"hawaii_West Hawaii Regional FMA",1010520
"hawaii_West Hawaii Regional FMA",1010498
"hawaii_West Hawaii Regional FMA",1010519
"hawaii_West Hawaii Regional FMA",1010497
"hawaii_West Hawaii Regional FMA",1010518
"hawaii_West Hawaii Regional FMA",1010517
"hawaii_West Hawaii Regional FMA",1010516
"hawaii_West Hawaii Regional FMA",1010494
"hawaii_West Hawaii Regional FMA",1010515
"hawaii_West Hawaii Regional FMA",1010493
"hawaii_West Hawaii Regional FMA",1010514
"hawaii_West Hawaii Regional FMA",1010492
"hawaii_West Hawaii Regional FMA",1010513
"hawaii_West Hawaii Regional FMA",1010491
"hawaii_West Hawaii Regional FMA",1010512
"hawaii_West Hawaii Regional FMA",1010511
"hawaii_West Hawaii Regional FMA",1010533
"hawaii_West Hawaii Regional FMA",1010532
"hawaii_West Hawaii Regional FMA",1010540
"hawaii_West Hawaii Regional FMA",1010544
"hawaii_West Hawaii Regional FMA",1010543
"hawaii_West Hawaii Regional FMA",1010548
"hawaii_West Hawaii Regional FMA",1010552
"hawaii_West Hawaii Regional FMA",1010547
"hawaii_West Hawaii Regional FMA",1010551
"hawaii_Hookena FRA",1010518
"hawaii_Kailua-Keauhou FRA",1010484
"hawaii_Kailua-Keauhou FRA",1010483
"hawaii_Kailua-Keauhou FRA",1010501
"hawaii_Kailua-Keauhou FRA",1010500
"hawaii_Napoopoo-Honaunau FRA",1010520
"hawaii_Napoopoo-Honaunau FRA",1010519
"hawaii_North Kohala FRA",1010536
"hawaii_North Kohala FRA",1010535
"hawaii_Red Hill FRA",1010500
"hawaii_Red Hill FRA",1010499
"hawaii_Red Hill FRA",1010520
"hawaii_Milolii FRA",1010515
"hawaii_Milolii FRA",1010514
"hawaii_Milolii FRA",1010513
"hawaii_Kaloko-Honokohau FRA / NRA",1010474
"hawaii_Puako-Anaehoomalu FRA / NRA",1010523
"hawaii_Puako-Anaehoomalu FRA / NRA",1010534
"hawaii_Puako-Anaehoomalu FRA / NRA",1010522
"hawaii_Kikaua Pt-Makolea NRA",1010486
"hawaii_Kikaua Pt-Makolea NRA",1010477
"hawaii_Kikaua Pt-Makolea NRA",1010485
"hawaii_Kikaua Pt-Makolea NRA",1010476
"hawaii_Kanonone-Kalipoa (Ka Lae) NRA",1010544
"hawaii_Nenue Point-Kealakekua Bay NRA",1010500
"hawaii_Nenue Point-Kealakekua Bay NRA",1010499
"hawaii_Nenue Point-Kealakekua Bay NRA",1010520
"hawaii_Hanamalo Pt-Kanewaa Pt NRA",1010514
"hawaii_Hanamalo Pt-Kanewaa Pt NRA",1010513
"hawaii_Paiko Lagoon WS",1010299
"hawaii_Kahoolawe Island Reserve: Zone A",1010411
"hawaii_Kahoolawe Island Reserve: Zone A",1010419
"hawaii_Kahoolawe Island Reserve: Zone A",1010428
"hawaii_Kahoolawe Island Reserve: Zone A",1010399
"hawaii_Kahoolawe Island Reserve: Zone A",1010410
"hawaii_Kahoolawe Island Reserve: Zone A",1010427
"hawaii_Kahoolawe Island Reserve: Zone A",1010386
"hawaii_Kahoolawe Island Reserve: Zone A",1010426
"hawaii_Kahoolawe Island Reserve: Zone A",1010398
"hawaii_Kahoolawe Island Reserve: Zone B",1010400
"hawaii_Kahoolawe Island Reserve: Zone B",1010411
"hawaii_Kahoolawe Island Reserve: Zone B",1010419
"hawaii_Kahoolawe Island Reserve: Zone B",1010428
"hawaii_Kahoolawe Island Reserve: Zone B",1010387
"hawaii_Kahoolawe Island Reserve: Zone B",1010399
"hawaii_Kahoolawe Island Reserve: Zone B",1010410
"hawaii_Kahoolawe Island Reserve: Zone B",1010427
"hawaii_Kahoolawe Island Reserve: Zone B",1010386
"hawaii_Kahoolawe Island Reserve: Zone B",1010426
"hawaii_Kahoolawe Island Reserve: Zone B",1010434
"hawaii_Kahoolawe Island Reserve: Zone B",1010385
"hawaii_Kahoolawe Island Reserve: Zone B",1010398
"hawaii_Kahoolawe Island Reserve: Zone B",1010409
"hawaii_Kahoolawe Island Reserve: Zone B",1010418
"hawaii_Kahoolawe Island Reserve: Zone B",1010425
"hawaii_Ahihi-Kinau NAR",1010443
